"Id","ExamType","ExamNumber","ExamType1","ExamNumber1","UTMEScore","Subject1","Grade1","Subject2","Grade2","Subject3","Grade3","Subject4","Grade4","Subject5","Grade5","Secondsubject1","Secondgrade1","Secondsubject2","Secondgrade2","Secondsubject3","Secondgrade3","Secondsubject4","Secondgrade4","Secondsubject5","Secondgrade5","UTMESubject1","UTMESubscore1","UTMESubject2","UTMESubscore2","UTMESubject3","UTMESubscore3","UTMESubject4","UTMESubscore4","UTMERegNo","Modeofentry","Choice1","Choice2","UserId","CreatedDate","UpdatedDate"
1,WAEC,"4253709014",,,190,English,B3,Mathematics,B3,Accounting ,B3,Commerce ,B3,Economics,C5,,,,,,,,,,,English,50,Mathematics,48,Economics,42,Accounting,50,"202441143881FF",UTME,Accounting,Accounting,c6924a48-d3e0-4710-a76d-ca81f2328f86,"2024-05-28 09:10:55.048855","2024-05-28 09:10:55.048856"
2,WAEC,C61502178,NECO,,246,Accounting ,A/R,Mathematics,A/R,Commerce ,A/R,Economics,A/R,English,A/R,,,,,,,,,,,Commerce,64,Economics,71,English,46,Mathematics,64,"202440712978GF",UTME,Accounting,Accounting,"317ada19-62fc-4cb6-8bdf-d8d2103ead38","2024-05-29 07:15:03.187795","2024-05-29 07:15:03.187796"
3,NECO,"60877289CE",,,201,English,C5,Civil Education,C5,CRK or IRK,C5,Economics,C5,Mathematics,B3,,,,,,,,,,,English,47,Economics,62,Government,47,Mathematics,45,"202441928850EA",UTME,Economics,Economics,"14692341-e48d-49f4-9482-45330420d95a","2024-05-29 08:22:27.564016","2024-05-29 08:22:27.564017"
4,NECO,"2310857316BA",,,213,Biology,C5,Chemistry,C5,English,C4,Mathematics,C5,Physics,C5,,,,,,,,,,,Biology,52,Chemistry,49,Physics,52,English,60,"202440071161FA",UTME,Nursing,Radiography and radiation Science,bdafbad5-8477-4965-907a-e7904cf7f788,"2024-05-29 15:42:28.222127","2024-05-29 15:42:28.222128"
5,NECO,"82563355BH",,,173,English,C5,Mathematics,C6,Physics,C6,Biology,C5,Chemistry,C5,,,,,,,,,,,English,53,Mathematics,45,Physics,37,Biology,38,"202440742547EA",UTME,Surveying and Geoinformatics,Surveying and Geoinformatics,"3afed494-b15e-46a7-8247-fceead969b6f","2024-05-31 06:23:00.758191","2024-05-31 06:23:00.758191"
6,NECO,"2320001151AI",,,227,English,B3,Mathematics,C5,Government,C5,Literature in English,C5,CRK or IRK,C5,,,,,,,,,,,English,54,Literature In English,64,Christian Religious Knowledge(CRK),59,Government,52,"202440200597BA",UTME,Communication and Media Studies,Communication and Media Studies,a25198a8-ee8b-4e62-b0c3-74aaba080752,"2024-05-31 13:01:29.513615","2024-05-31 13:01:29.513615"
7,WAEC,A/R,WAEC,A/R,186,Biology,A/R,Chemistry,A/R,English,A/R,Mathematics,A/R,Physics,A/R,Biology,A/R,Mathematics,A/R,English,A/R,Chemistry,A/R,Physics,A/R,Biology,60,Chemistry,39,English,42,Physics,43,"202440915801HF",UTME,Nursing,Radiography and radiation Science,"8e925189-09c7-4b6a-875a-5327fec93d74","2024-06-02 21:23:10.236246","2024-06-02 21:23:10.236246"
8,WAEC,"4312908031",,,250,English,A/R,Economics,A/R,Literature in English,A/R,Mathematics,A/R,Government,A/R,,,,,,,,,,,English,63,Government,67,Literature In English,59,Christian Religious Knowledge(CRK),61,"202440465131CF",UTME,Law,Law,"630be43e-a1f6-42c3-ab71-b2964096c98b","2024-06-03 11:08:40.770493","2024-06-03 11:08:40.770494"
9,NABTEB,"27152006",,,189,Biology,A1,Chemistry,C5,Mathematics,A1,English,C5,Physics,A1,,,,,,,,,,,Biology,50,Chemistry,51,English,53,Physics,35,"202441206805HF",UTME,Medical Laboratory Science,Medical Laboratory Science,"09a997d0-ff89-4cd7-bba5-c0282da1115a","2024-06-03 12:40:04.072543","2024-06-03 12:40:04.072543"
10,WAEC,"4252001031",,,241,CRK or IRK,B2,English,C5,Literature in English,C6,Government,B3,Mathematics,B3,,,,,,,,,,,Christian Religious Knowledge(CRK),63,English,53,Literature In English,60,Government,65,"202440316940HF",UTME,Law,Law,"7219507b-859b-47b1-a2c1-fb500f111401","2024-06-05 11:38:52.347314","2024-06-05 11:38:52.347315"
11,NECO,"2310026503DE",WAEC,"4310215152",267,English,B3,Economics,C6,Literature in English,C5,CRK or IRK,C4,Government,C6,Mathematics,C6,Civil Education,C6,CRK or IRK,C6,English,D7,Literature in English,D7,English,61,Government,70,Literature In English,69,Christian Religious Knowledge(CRK),67,"202440208230DF",UTME,English Education,English Education,"21849675-8a83-4f07-86e9-edf5997d2955","2024-06-05 12:18:30.589787","2024-06-05 12:18:30.589788"
12,WAEC,"4083610037",NECO,"2310452257GI",188,Biology,D7,English,C4,Mathematics,B2,Physics,C4,Chemistry,C4,English,B3,Mathematics,D7,Biology,C5,Chemistry,E8,Physics,C6,Physics,45,English,60,Biology,52,Chemistry,31,"202440488071IF",UTME,Nursing,Medical Laboratory Science,"6a219a04-681d-4801-bc29-9735284e9fc2","2024-06-05 19:24:15.874263","2024-06-05 19:24:15.874264"
13,NECO,"0240122",,,206,English,A1,Mathematics,B3,Chemistry,A1,Biology,B3,Physics,A1,,,,,,,,,,,English,66,Biology,46,Physics,51,Chemistry,43,"202440009747IA",UTME,Nursing,Nursing,e477c884-8f3f-4541-9005-78a34d24fa25,"2024-06-06 16:39:39.185876","2024-06-06 16:39:39.185877"
14,NECO,"2310454107EH",,,219,Biology,B3,Chemistry,C4,Mathematics,C5,English,B3,Physics,C4,,,,,,,,,,,Biology,56,Chemistry,45,English,66,Physics,52,"202441207374IA",UTME,Nursing,Nursing,c089a317-e8af-497e-ac09-269aa041dc8e,"2024-06-06 18:38:29.716672","2024-06-06 18:38:29.716673"
15,NECO,"23874533DH",,,185,English,C6,Mathematics,C6,Biology,C4,Chemistry,C5,Physics,C4,,,,,,,,,,,English,44,Physics,47,Biology,50,Chemistry,44,"47234868HH",DE,Nursing,Nursing,"4695cfde-85ec-45b6-91e9-eefb3ec7f5be","2024-06-06 19:04:21.737153","2024-06-06 19:04:21.737154"
16,WAEC,"4350121016",,,186,Mathematics,C4,English,B3,Physics,C5,Chemistry,C4,Geography ,C4,,,,,,,,,,,Mathematics,45,English,54,Physics,51,Chemistry,36,"202441526038AF",UTME,Mechanical Engineering,Electrical/Electronics Engineering,"67127ab8-e695-4bb5-9ac7-d698a1655db3","2024-06-06 20:09:00.469129","2024-06-06 20:09:00.469130"
17,WAEC,"4280224026",,,233,Literature in English,A/R,CRK or IRK,A/R,English,A/R,Government,A/R,Mathematics,A/R,,,,,,,,,,,English,59,Literature In English,59,Government,58,Christian Religious Knowledge(CRK),57,"202440116384DF",UTME,Performing Arts and Music,Communication and Media Studies,"58413bf2-9015-4801-aa11-c12f6590d53d","2024-06-07 13:40:22.183819","2024-06-07 13:40:22.183819"
18,NECO,"2310623465FJ",,,166,English,C5,Mathematics,C4,Physics,C6,Biology,C5,Chemistry,B3,,,,,,,,,,,English,41,Physics,45,Biology,39,Chemistry,41,"202440851587EF",UTME,Medical Laboratory Science,Medical Laboratory Science,"8987531d-ac68-4604-8ac2-ee237c6d8987","2024-06-07 14:47:47.341357","2024-06-07 14:47:47.341358"
19,WAEC,"5251303701",,,248,English,B2,Mathematics,B3,Chemistry,B2,Physics,B3,Biology,B2,,,,,,,,,,,English,66,Mathematics,57,Physics,61,Chemistry,64,"202441035538IA",UTME,Computer Engineering,Computer Engineering,"005d1dbb-c8eb-4a12-a2b7-b3ccc2571efc","2024-06-07 19:44:21.221239","2024-06-07 19:44:21.221240"
20,WAEC,"4280785050",,,194,Mathematics,B3,English,B3,Physics,B3,Chemistry,B2,Biology,B3,,,,,,,,,,,English,39,Mathematics,48,Physics,46,Chemistry,61,"11363808ACP",DE,Civil Engineering,Architecture,c94228cd-ac60-4029-937a-bcdb1f4d0a0f,"2024-06-08 07:22:40.620092","2024-06-08 07:22:40.620093"
21,NECO,"2310948139BE",,,209,English,C4,Mathematics,C4,Chemistry,C4,Physics,C6,Biology,C5,,,,,,,,,,,English,61,Physics,54,Chemistry,49,Biology,45,"202440910371FF",UTME,Medical Laboratory Science,Medical Laboratory Science,c05ce336-25d9-422e-9cd3-0e70a5b93d00,"2024-06-08 10:43:44.121835","2024-06-08 10:43:44.121836"
22,NECO,"18823044JH",,,212,English,C6,Mathematics,A1,Government,A1,Economics,B2,Literature in English,B3,,,,,,,,,,,English,51,Economics,58,Government,59,Literature In English,44,"202441169168GF",UTME,Law,Law,"86b8f414-488d-4965-8f8b-256b5f1a3321","2024-06-08 11:06:10.810579","2024-06-08 11:06:10.810579"
23,WAEC,"4312524029",,,229,English,A/R,Mathematics,A/R,Literature in English,A/R,CRK or IRK,A/R,Government,A/R,,,,,,,,,,,English,58,Government,61,Literature In English,55,Christian Religious Knowledge(CRK),57,"202441274894BF",UTME,Law,Communication and Media Studies,"767fc912-b67f-4738-be35-af13640dcc5a","2024-06-09 02:45:16.381286","2024-06-09 02:45:16.381287"
24,NECO,"2310719260IF",,,201,English,C6,Mathematics,C6,Economics,C6,Literature in English,C6,Government,C6,,,,,,,,,,,English,51,Government,54,Literature In English,51,Christian Religious Knowledge(CRK),45,"202440417365CF",UTME,English,English,ba43809a-19b2-4216-b089-59df76b496be,"2024-06-10 09:12:02.117255","2024-06-10 09:12:02.117256"
25,NECO,"2310754323EE",,,161,English,C4,Mathematics,C6,Literature in English,C4,CRK or IRK,C5,Government,C4,,,,,,,,,,,English,41,Government,43,Literature In English,44,Christian Religious Knowledge(CRK),33,"202440184611EF",UTME,Communication and Media Studies,Guidance and Counseling,"486bdd59-9fc9-4841-8414-04102aeab9dc","2024-06-10 10:26:20.189587","2024-06-10 10:26:20.189588"
26,WAEC,"4310854056",,,230,Chemistry,B3,Biology,C6,Physics,B3,English,C5,Mathematics,A1,,,,,,,,,,,English,61,Physics,55,Biology,65,Chemistry,49,"202440457410GA",UTME,Nursing,Biochemistry,f82a43d3-6b12-45e5-93d0-dd9a637fd2ec,"2024-06-10 11:45:05.565198","2024-06-10 11:45:05.565198"
27,WAEC,"4312213031",,,232,Civil Education,B3,English,C4,Yoruba / Igbo / Hausa,A1,Mathematics,B3,Biology,C4,,,,,,,,,,,English,49,Physics,63,Biology,64,Chemistry,56,"202491013805HA",DE,Nursing,Nursing,"8d792cda-0106-4f2c-b427-375f5bd304f2","2024-06-10 12:04:31.598482","2024-06-10 12:04:31.598483"
28,WAEC,"4280224034",,,209,Biology,A/R,Chemistry,A/R,Physics,A/R,English,A/R,Mathematics,A/R,,,,,,,,,,,Biology,43,Chemistry,65,Physics,42,English,59,"202440086388BA",UTME,Nursing,Radiography and radiation Science,"38033f1e-aa83-4b87-814b-544f0800af92","2024-06-10 12:16:55.175484","2024-06-10 12:16:55.175485"
29,WAEC,"5250306537",,,197,Mathematics,B3,English,B3,Biology,B3,Chemistry,C6,Physics,C4,,,,,,,,,,,English,51,Chemistry,47,Biology,46,Physics,53,"202440913573AF",UTME,Medical Laboratory Science,Medical Laboratory Science,"2e5598b6-6f48-43ee-9758-0bded9b6c931","2024-06-10 15:08:32.203043","2024-06-10 15:08:32.203043"
30,NECO,"2310664523HF",,,203,English,C6,Mathematics,B3,Physics,C4,Biology,C5,Chemistry,C5,,,,,,,,,,,English,55,Physics,42,Biology,55,Chemistry,51,"202440363031JA",UTME,Nursing,Nursing,"2747df3c-9df6-47a2-8d65-8447653917de","2024-06-10 17:30:24.654190","2024-06-10 17:30:24.654190"
31,WAEC,"4311457002",,,227,English,A/R,Mathematics,A/R,Biology,A/R,Chemistry,A/R,Physics,A/R,,,,,,,,,,,English,63,Physics,61,Biology,52,Chemistry,51,"202440431616CA",UTME,Nursing,Nursing,"67ed8e14-bdea-4050-b69b-96c6ba0c82a0","2024-06-11 07:57:45.522300","2024-06-11 07:57:45.522300"
32,WAEC,"4310521013",,,203,English,A/R,Mathematics,A/R,Physics,A/R,Chemistry,A/R,Biology,A/R,,,,,,,,,,,English,66,Chemistry,59,Physics,37,Biology,41,"202440504222IA",UTME,Nursing,Nursing,"47ee0ee5-71ff-410d-90b4-feabb868bf9a","2024-06-11 08:00:01.668188","2024-06-11 08:00:01.668189"
33,WAEC,"4311426172",,,251,Government,C5,Literature in English,C5,English,C4,CRK or IRK,B3,Mathematics,B3,,,,,,,,,,,English,60,Government,77,Literature In English,53,Economics,61,"202441464995IA",UTME,Law,Law,cc55fb30-5adc-4141-a8a0-3c3624081712,"2024-06-11 09:10:29.731959","2024-06-11 09:10:29.731960"
34,WAEC,"4310830117",,,244,Mathematics,A/R,English,A/R,Government,A/R,Literature in English,A/R,CRK or IRK,A/R,,,,,,,,,,,English,53,Literature In English,69,Government,59,Christian Religious Knowledge(CRK),63,"202440165067BA",UTME,Law,English,e714bc55-e0c2-4b5b-bafc-9842ff27a309,"2024-06-11 09:35:36.708583","2024-06-11 09:35:36.708584"
35,WAEC,"4310830116",,,235,Mathematics,A/R,English,A/R,CRK or IRK,A/R,Government,A/R,Literature in English,A/R,,,,,,,,,,,English,60,Christian Religious Knowledge(CRK),64,Literature In English,57,Government,54,"202440175611BF",UTME,Law,Communication and Media Studies,b5473112-54d9-4546-842c-5f9dde69018c,"2024-06-11 09:58:39.696078","2024-06-11 09:58:39.696078"
36,WAEC,"4281730026",,,207,English,C4,Mathematics,A1,Literature in English,C4,Government,A1,CRK or IRK,B2,,,,,,,,,,,English,58,Government,50,Literature In English,45,Christian Religious Knowledge(CRK),54,"202440975528CF",UTME,English,English,"102f96f8-334f-441e-8b4a-afb840ff4775","2024-06-11 09:58:59.170164","2024-06-11 09:58:59.170164"
37,WAEC,"5311405523",,,254,CRK or IRK,B3,Government,B2,Literature in English,B3,English,B3,Mathematics,C6,,,,,,,,,,,English,65,Literature In English,67,Christian Religious Knowledge(CRK),52,Government,70,"202440468696GA",UTME,Law,Law,a8c7d0f2-9768-431a-b302-2077a237d882,"2024-06-11 10:26:48.239821","2024-06-11 10:26:48.239821"
38,WAEC,"4310849014",,,282,English,B3,Mathematics,A1,Biology,B3,Physics,B3,Chemistry,A1,,,,,,,,,,,Physics,70,Chemistry,73,Biology,75,English,64,"202491001975DF",DE,Medical Laboratory Science,Medical Laboratory Science,"114aac65-4ea5-4997-9d5a-2699aa88423f","2024-06-11 11:35:42.093643","2024-06-11 11:35:42.093643"
39,WAEC,"4251541274",,,252,Biology,A1,Physics,C6,Chemistry,B3,Mathematics,C6,English,B3,,,,,,,,,,,Biology,61,Chemistry,64,Physics,61,English,66,"202440681247HA",UTME,Nursing,Nursing,"7f1d64ad-2627-4cb6-9f61-3eece1818095","2024-06-11 15:27:50.707951","2024-06-11 15:27:50.707951"
40,WAEC,C64102229,,,233,English,B3,Commerce ,C4,Government,C6,Accounting ,C6,Civil Education,A1,,,,,,,,,,,English,58,Government,63,Literature In English,52,Christian Religious Knowledge(CRK),60,"202440572250EA",UTME,Law,Law,e84c2352-15b6-4a56-b99b-a15d57f1cfad,"2024-06-11 15:48:21.921965","2024-06-11 15:48:21.921965"
41,WAEC,"4250470016",,,218,Mathematics,A/R,English,A/R,Accounting ,A/R,Economics,A/R,Civil Education,A/R,,,,,,,,,,,Mathematics,58,English,49,Economics,53,Commerce,58,"202440253501GF",UTME,Accounting,Accounting,"0b635aa8-49d2-452e-9b03-aca30a5722ca","2024-06-12 07:20:51.534673","2024-06-12 07:20:51.534675"
42,WAEC,"4320647047",,,206,Mathematics,C4,English,C5,Biology,C4,Chemistry,B3,Physics,B3,,,,,,,,,,,English,60,Biology,57,Chemistry,43,Physics,46,"202441767852JF",UTME,Nursing,Medical Laboratory Science,"94708dd7-b741-4800-9760-877e7da9e4b9","2024-06-12 08:15:24.937006","2024-06-12 08:15:24.937006"
43,WAEC,"4311427011",,,218,English,A/R,Mathematics,A/R,Physics,A/R,Chemistry,A/R,Biology,A/R,,,,,,,,,,,English,56,Physics,54,Chemistry,55,Biology,53,"202441738163FF",UTME,Nursing,Medical Laboratory Science,a706fdf5-faf5-4036-98fe-258be64deeec,"2024-06-12 12:53:14.181618","2024-06-12 12:53:14.181619"
44,NECO,"0200484",,,182,English,C4,Mathematics,B3,CRK or IRK,D7,Government,C4,Literature in English,C6,,,,,,,,,,,English,51,Government,47,Literature In English,49,Christian Religious Knowledge(CRK),35,"202440661485IA",UTME,Law,Communication and Media Studies,"6e4ff98a-b500-4e1d-aee4-8108ba2a0e0d","2024-06-12 13:38:58.150165","2024-06-12 13:38:58.150166"
45,WAEC,"4310218141",,,180,English,A/R,Mathematics,A/R,Literature in English,A/R,Government,A/R,CRK or IRK,A/R,,,,,,,,,,,English,48,Christian Religious Knowledge(CRK),40,Literature In English,49,Government,43,"202441690744DA",UTME,Communication and Media Studies,Communication and Media Studies,"8497bc5d-fdcc-4ced-9d91-c480450b0637","2024-06-12 13:55:42.777534","2024-06-12 13:55:42.777534"
46,WAEC,"5310902699",,,244,Mathematics,B2,English,B3,Physics,B2,Biology,B3,Chemistry,C6,,,,,,,,,,,Physics,67,Chemistry,65,Biology,57,English,55,"202440343885GA",UTME,Nursing,Nursing,"597b7690-432a-48ad-a66d-4280b6bda200","2024-06-12 16:49:18.862898","2024-06-12 16:49:18.862899"
47,WAEC,"4310850065",,,216,Biology,B3,Chemistry,B3,English,B3,Mathematics,B3,Physics,C4,,,,,,,,,,,English,58,Chemistry,55,Physics,57,Biology,46,"202440281582HA",UTME,Nursing,Nursing,a23dc56d-c15c-4931-b554-f233b37bde08,"2024-06-12 18:41:18.153495","2024-06-12 18:41:18.153496"
48,WAEC,"4313331151",,,138,Physics,B3,Chemistry,B3,Biology,C4,Mathematics,B3,English,B3,,,,,,,,,,,Mathematics,34,English,28,Physics,37,Chemistry,39,"202330221571JF",UTME,Computer Science,Computer Science,"7fa43e64-28df-4352-93e8-4d51d1cfd86b","2024-06-13 12:33:11.245924","2024-06-13 12:33:11.245926"
49,WAEC,"4252355013",,,159,Mathematics,A/R,English,A/R,CRK or IRK,A/R,Government,A/R,Literature in English,A/R,,,,,,,,,,,English,40,Government,36,Literature In English,45,Christian Religious Knowledge(CRK),38,"202440036763JA",UTME,Communication and Media Studies,History & International Studies,f808dc32-0909-4304-8711-145a419a3729,"2024-06-13 13:02:44.962433","2024-06-13 13:02:44.962434"
50,NECO,"0250369",,,233,English,C4,Civil Education,B3,CRK or IRK,A1,Government,B2,Literature in English,B2,,,,,,,,,,,Christian Religious Knowledge(CRK),64,Literature In English,57,Government,57,English,55,"202440382508IA",UTME,Law,Law,"14ed514c-9162-48ac-8ebb-f92c0fdd4ce6","2024-06-13 13:08:12.781581","2024-06-13 13:08:12.781582"
51,WAEC,"4281120105",,,238,CRK or IRK,B2,English,C4,Literature in English,C4,Government,C5,Mathematics,C6,,,,,,,,,,,English,64,Government,54,Literature In English,62,Christian Religious Knowledge(CRK),58,"202440135537DA",UTME,Law,Law,a0a5401f-9105-4903-bb82-515218a8a0ae,"2024-06-13 13:50:43.215573","2024-06-13 13:50:43.215574"
52,WAEC,"4252301047",,,70,Economics,C6,English,C6,Mathematics,C4,Biology,C6,Physics,C6,,,,,,,,,,,English,55,Mathematics,55,Biology,56,Physics,40,NA,DE,Religious Studies,Religious Studies,"6b51c173-2b5c-4792-af71-03db079995a3","2024-06-13 15:17:01.347357","2024-06-13 15:17:01.347357"
53,WAEC,"4313008066",,,222,CRK or IRK,C5,Economics,C4,Government,B3,Literature in English,C6,English,C4,,,,,,,,,,,Christian Religious Knowledge(CRK),60,English,54,Government,54,Literature In English,54,"4313008066",DE,Religious Studies,Religious Studies,"38e61fdc-7343-49c5-abe9-47b380a1ce66","2024-06-13 15:26:58.698289","2024-06-13 15:26:58.698290"
54,WAEC,"4280773057",,,216,Mathematics,A1,English,B3,Physics,B3,Chemistry,B3,Biology,B2,,,,,,,,,,,Mathematics,63,English,53,Physics,59,Chemistry,41,"202440367117IF",UTME,Computer Science,Computer Science(ICT Option),aafaae75-59b6-423f-ae0c-233b8b3c0079,"2024-06-13 18:52:24.010165","2024-06-13 18:52:24.010166"
55,NECO,"2310106053AE",,,237,Mathematics,D7,English,B3,CRK or IRK,B2,Literature in English,B3,Government,C5,,,,,,,,,,,English,60,Christian Religious Knowledge(CRK),52,Literature In English,51,Government,74,"202440128406GA",UTME,Peace Studies and Conflict Resolution,History & International Studies,"798d871f-a89b-4d4f-a0c3-797ded0c817b","2024-06-13 20:55:40.173577","2024-06-13 20:55:40.173577"
56,WAEC,"4312635043",,,218,Mathematics,B3,Biology,B3,Chemistry,C4,English,C6,Physics,C6,,,,,,,,,,,English,52,Biology,53,Physics,55,Chemistry,58,"202440377167JA",UTME,Nursing,Nursing,"8e793160-92cc-4d8e-bfb1-3360176de7ff","2024-06-13 20:57:27.469045","2024-06-13 20:57:27.469046"
57,WAEC,"4312401055",,,182,CRK or IRK,C6,Government,B3,English,C6,Mathematics,C6,Economics,C6,,,,,,,,,,,Christian Religious Knowledge(CRK),55,English,40,Government,48,Literature In English,39,"05581680HH",DE,Religious Studies,Religious Studies,"99c59b9a-f59a-4107-8429-208d89c7b2e6","2024-06-14 10:05:07.505918","2024-06-14 10:05:07.505919"
58,NECO,"2310094065HI",,,226,English,B3,Mathematics,C4,Biology,C4,Chemistry,B2,Physics,B2,,,,,,,,,,,English,63,Physics,57,Chemistry,58,Biology,48,"202441077611EF",UTME,Nursing,Nursing,"8cbc01ac-3661-4c53-ba0a-01795e4d291e","2024-06-14 15:33:23.960462","2024-06-14 15:33:23.960463"
59,WAEC,"4280814408",,,235,Mathematics,A/R,English,A/R,Chemistry,A/R,Physics,A/R,Economics,A/R,,,,,,,,,,,English,51,Mathematics,47,Physics,59,Chemistry,78,"202440362325BA",UTME,Surveying and Geoinformatics,Surveying and Geoinformatics,"8bc6316e-cd36-4e41-966d-2d011fffc16c","2024-06-14 19:02:14.970142","2024-06-14 19:02:14.970143"
60,NECO,"31197490BH",NECO,"23962790HG",100,English,C6,Mathematics,C6,Yoruba / Igbo / Hausa,C5,Economics,C5,Geography ,C6,English,C5,CRK or IRK,C4,Geography ,C6,Yoruba / Igbo / Hausa,C6,Economics,D7,English,25,Christian Religious Knowledge(CRK),25,Economics,25,Yoruba,25,"00000000AA",UTME,Religious Studies,Religious Studies,"3222327c-6d52-4b7f-86d4-094e21a3758e","2024-06-14 19:46:18.383673","2024-06-14 19:46:18.383674"
61,WAEC,"4251077084",,,205,Geography ,B3,English,C4,Mathematics,C6,Biology,C4,Physics,C5,,,,,,,,,,,English,58,Mathematics,63,Physics,48,Chemistry,36,"202440308093EA",UTME,Computer Science,Computer Science(ICT Option),f518ea87-b072-476e-97d6-cbc128872393,"2024-06-14 21:25:57.447880","2024-06-14 21:25:57.447881"
62,NABTEB,"31166001",,,1,CRK or IRK,A1,English,C4,Government,B2,Economics,B2,Mathematics,C5,,,,,,,,,,,English,1,Christian Religious Knowledge(CRK),1,Government,1,Literature In English,1,"00000",DE,Religious Studies,Religious Studies,"436f4292-3d4a-45a2-b7c3-f948379edb23","2024-06-15 07:25:23.429424","2024-06-15 07:25:23.429425"
63,NECO,"2310845019EB ",,,171,Chemistry,A1,Mathematics,B3,Civil Education,A1,English,B2,Physics,B2,,,,,,,,,,,English,55,Physics,35,Chemistry,41,Mathematics,40,"202441136631BF ",UTME,Computer Science,Computer Engineering,"09b47b05-c03a-407f-99e2-d5b8c91a099b","2024-06-15 13:02:52.554680","2024-06-15 13:02:52.554680"
64,NECO,"20910220BG",,,218,English,C4,Mathematics,C4,Literature in English,C4,Government,B3,CRK or IRK,C5,,,,,,,,,,,Christian Religious Knowledge(CRK),59,English,53,Government,55,Literature In English,51,"202440571366JA",UTME,Law,Law,"6f53afff-8d7f-482b-8879-21ce580ad8b9","2024-06-16 19:44:27.265553","2024-06-16 19:44:27.265553"
65,WAEC,"4284706032",,,202,English,C5,Mathematics,B2,Physics,C4,Chemistry,B3,Biology,B3,,,,,,,,,,,Mathematics,47,English,53,Physics,66,Chemistry,36,"202440329095AF",UTME,Computer Science,Computer Science(ICT Option),c946660b-ddac-4a8c-925d-7a540f81ef2b,"2024-06-17 06:54:06.867801","2024-06-17 06:54:06.867802"
66,NECO,"21185037GF",WAEC,"5301802168",256,Chemistry,C6,Biology,C5,English,C6,Mathematics,D7,Physics,C5,English,C6,Mathematics,D7,CRK or IRK,A1,,,,,Christian Religious Knowledge(CRK),76,Government,65,English,60,Geography,55,"000000000",DE,Religious Studies,Religious Studies,"9d28d9fb-6f1d-4bf4-a42d-ecd8bbd1d4ae","2024-06-17 11:49:45.695494","2024-06-17 11:49:45.695495"
67,WAEC,   223,,,216,Mathematics,A/R,English,A/R,Chemistry,A/R,Biology,A/R,Physics,A/R,,,,,,,,,,,Biology,56,English,55,Physics,54,Chemistry,51,"202440961983BF",UTME,Radiography and radiation Science,Radiography and radiation Science,c9b36ad5-bdc6-4eeb-96de-ec129d2498e1,"2024-06-17 12:38:12.338600","2024-06-17 12:38:12.338601"
68,NECO,"21802237AB",WAEC,"4130821014",200,English,D7,Mathematics,B3,Yoruba / Igbo / Hausa,C5,CRK or IRK,C6,Economics,C6,CRK or IRK,D7,English,C6,Economics,D7,,,,,English,51,Christian Religious Knowledge(CRK),62,Biology,48,Economics,39,"000000000",DE,Religious Studies,Religious Studies,"9e17efb7-a59d-4c21-8e2c-f5663b87afda","2024-06-17 19:19:06.327107","2024-06-17 19:19:06.327107"
69,NECO,"60750551jf",,,4,English,C5,Mathematics,C6,Government,C6,Agriculture ,C4,CRK or IRK,D7,,,,,,,,,,,--,1,--,1,--,1,--,1,"000000000",DE,Religious Studies,Religious Studies,"6a673d09-709f-494d-9d8c-43b334c9509f","2024-06-18 10:18:20.108345","2024-06-18 10:18:20.108346"
70,NECO,"60225382DB",,,300,CRK or IRK,C6,English,C5,Civil Education,C5,Mathematics,C4,Economics,C4,,,,,,,,,,,Mathematics,80,Christian Religious Knowledge(CRK),70,Civic Education,70,English,80,"000000000",UTME,Religious Studies,Religious Studies,eb0afc7b-d017-40fb-a5bf-03c568dcd83d,"2024-06-18 13:11:23.610734","2024-06-18 13:11:23.610734"
71,NECO,"2210331971DI",,,245,English,B3,Mathematics,C6,Economics,C4,Government,B3,Literature in English,C5,,,,,,,,,,,English,65,Government,57,Economics,71,Literature In English,52,"202440667674BA",UTME,Law,Law,e2e13741-46d2-4013-ab93-f03f14eaca2e,"2024-06-18 15:52:05.841917","2024-06-18 15:52:05.841918"
72,NECO,"11611656GA",NECO,"18917969BH",4,English,C6,Mathematics,C4,Commerce ,C4,Geography ,C6,Agriculture ,C4,English,C5,Mathematics,C4,CRK or IRK,C5,Government,A1,Economics,B3,--,1,--,1,--,1,--,1,"000000000",DE,Religious Studies,Religious Studies,eed690ca-6074-465e-b6cb-6029a39ba2d6,"2024-06-19 08:52:01.315743","2024-06-19 08:52:01.315744"
73,WAEC,"5281803735",,,151,Physics,B2,Chemistry,B3,English,C5,Mathematics,A1,Biology,C5,,,,,,,,,,,English,42,Biology,40,Mathematics,34,Physics,35,"202440514456CA",UTME,Microbiology,Computer Science,"62bf7bc4-9fb3-48ae-b2a4-aa205717df74","2024-06-19 10:35:11.256269","2024-06-19 10:35:11.256270"
74,NECO,"2310638411DF",,,4,English,B2,Mathematics,D7,Civil Education,D7,CRK or IRK,C4,Government,C6,,,,,,,,,,,--,1,--,1,--,1,--,1,"6252w838r6",DE,English,Business Education,"1c2ffcf1-4bf9-4443-a800-378779950da2","2024-06-19 12:58:24.730437","2024-06-19 12:58:24.730437"
75,NABTEB,"241129005",,,217,Government,C5,CRK or IRK,A1,English,C5,Mathematics,A1,Civil Education,C6,,,,,,,,,,,English,49,Mathematics,44,Commerce,57,Economics,67,"000000000",UTME,Business Administration,Industrial Relations and Personnel Management,"06528a09-6922-4470-9ddb-d8ab7493a1ce","2024-06-19 13:58:44.473993","2024-06-19 13:58:44.473993"
76,WAEC,"4280324004",,,4,Mathematics,C6,English,C6,Chemistry,B3,Biology,B3,Physics,A1,,,,,,,,,,,--,1,--,1,--,1,--,1,"202491032242DF",DE,Industrial Chemistry,Industrial Chemistry,cfcf5348-a215-4508-adb1-c2319e3d76e6,"2024-06-19 16:20:44.896442","2024-06-19 16:20:44.896442"
77,WAEC,"4251431002",NECO,"2169750CA",220,English,C6,Mathematics,C4,Government,B3,Economics,C4,Yoruba / Igbo / Hausa,C6,CRK or IRK,C6,Yoruba / Igbo / Hausa,C4,Economics,C6,,,,,English,60,Government,55,Christian Religious Knowledge(CRK),60,Literature In English,45,"000000000",UTME,Religious Studies,English Education,"18ca43d8-82bf-444a-8f4c-4898573628b0","2024-06-19 17:11:20.690171","2024-06-19 17:11:20.690171"
78,WAEC,"4280329088",,,257,English,A/R,Economics,A/R,Literature in English,A/R,Civil Education,A/R,Government,A/R,,,,,,,,,,,English,58,Economics,74,Government,79,Literature In English,46,"202440726318FF",UTME,Law,Law,e4afb12e-15ce-401c-9b6c-198efb6fb1ea,"2024-06-20 07:15:05.348074","2024-06-20 07:15:05.348075"
79,WAEC,"4311119065",,,219,Mathematics,A/R,English,A/R,Physics,A/R,Biology,A/R,Chemistry,A/R,,,,,,,,,,,English,61,Physics,59,Chemistry,49,Biology,50,"202440641441hf",UTME,Nursing,Nursing,"723e2337-e872-4eeb-8251-411dfa438e86","2024-06-20 12:44:56.596647","2024-06-20 12:44:56.596647"
80,WAEC,"4282305042",,,202,Mathematics,A1,English,C4,Chemistry,B3,Biology,B3,Physics,A1,,,,,,,,,,,English,48,Chemistry,41,Biology,52,Physics,60,"202440610293BF",UTME,Nursing,Nursing,ec1906cf-5aa4-4e61-a9de-da87bbf3da74,"2024-06-20 18:14:48.238005","2024-06-20 18:14:48.238006"
81,WAEC,"4312213050",,,223,Mathematics,A/R,English,A/R,Biology,A/R,Chemistry,A/R,Physics,A/R,,,,,,,,,,,Biology,61,English,61,Chemistry,47,Physics,54,"202440132397FF",UTME,Nursing,Nursing,b711801d-7aed-460e-adbe-1c3e32a7427f,"2024-06-20 20:53:37.048260","2024-06-20 20:53:37.048260"
82,NECO,"0250284",,,194,English,C5,Mathematics,B3,CRK or IRK,C5,Government,C6,Literature in English,C5,,,,,,,,,,,English,53,Government,38,Literature In English,52,Christian Religious Knowledge(CRK),51,"202440053540JA",UTME,Communication and Media Studies,Industrial Relations and Personnel Management,"6d9d1da0-5ed7-4ca7-9c15-f1b5491e6cc3","2024-06-21 07:48:21.593664","2024-06-21 07:48:21.593665"
83,WAEC,"4251447019",,,247,Mathematics,C4,English,B3,Government,B2,Literature in English,B3,CRK or IRK,B2,,,,,,,,,,,English,63,Literature In English,62,Government,65,Christian Religious Knowledge(CRK),57,"202440834899HF",UTME,Law,Law,c65c3f62-13b5-4eae-b1c3-eb8c2b7a60d0,"2024-06-21 08:57:57.933835","2024-06-21 08:57:57.933835"
84,WAEC,"5250206553",,,200,Biology,A/R,English,A/R,Chemistry,A/R,Physics,A/R,Mathematics,A/R,,,,,,,,,,,Biology,45,Chemistry,58,Physics,39,English,58,"202440974100EA",UTME,Nursing,Nursing,e9d8607d-cf0f-4a45-9d86-faff6fe96cde,"2024-06-22 06:53:33.143084","2024-06-22 06:53:33.143085"
85,NECO,"2310992104DJ",,,264,English,C4,Mathematics,C5,CRK or IRK,C5,Government,C4,Literature in English,C4,,,,,,,,,,,English,70,Christian Religious Knowledge(CRK),70,Government,64,Literature In English,60,"000000000",UTME,Religious Studies,Guidance and Counseling,"076c2c61-1e9b-4583-8f12-5e0459c002ad","2024-06-22 07:10:57.850557","2024-06-22 07:10:57.850558"
86,WAEC,"4251712363",,,179,Physics,C6,Chemistry,C5,Biology,B2,Mathematics,C6,English,C4,,,,,,,,,,,English,55,Physics,45,Biology,39,Chemistry,36,"202440441137BA",UTME,Nursing,Nursing,"8c33e75b-a213-4c62-a407-4edc38aaa118","2024-06-22 12:12:05.508228","2024-06-22 12:12:05.508230"
87,NECO,"20709267CA",,,212,English,C5,Mathematics,C5,Civil Education,C5,Literature in English,C4,Government,B3,,,,,,,,,,,English,55,Government,57,Literature In English,55,Christian Religious Knowledge(CRK),45,"202441936342BA.",UTME,Law,History & International Studies,b09b9c99-97ed-48fd-9efb-a1f12c11446c,"2024-06-22 17:32:38.490816","2024-06-22 17:32:38.490817"
88,NECO,"2311087107BG",,,188,English,C4,Mathematics,C5,Government,B3,Economics,C5,Literature in English,B3,,,,,,,,,,,English,49,Government,45,Literature In English,45,Christian Religious Knowledge(CRK),49,"202440899468EA",UTME,English,English,c4e151db-71d0-4e53-bd46-4a66489cc11a,"2024-06-22 18:36:12.506640","2024-06-22 18:36:12.506641"
89,WAEC,"5310801571",,,175,Mathematics,A1,English,B3,Chemistry,B3,Civil Education,B3,Physics,D7,,,,,,,,,,,Chemistry,51,Physics,45,English,34,Mathematics,45,"202440936597CF",UTME,Computer Engineering,Computer Science,"0c95c2c4-f3b4-4ae0-aeb5-0358df825bc2","2024-06-23 17:10:18.167402","2024-06-23 17:10:18.167403"
90,NECO,"2310907303BB",,,276,English,C5,Mathematics,C4,Biology,A1,Physics,C5,Chemistry,B3,,,,,,,,,,,English,63,Biology,74,Chemistry,76,Physics,63,"202440947163BF",UTME,Nursing,Nursing,"713674b0-12c7-4e10-9a99-34bc9f83a37f","2024-06-23 19:43:07.548119","2024-06-23 19:43:07.548119"
91,WAEC,"4251090071",,,206,English,B2,Mathematics,A1,Civil Education,B3,Chemistry,B2,Physics,B2,,,,,,,,,,,Physics,34,English,58,Geography,56,Mathematics,54,"202441700172BA",UTME,Architecture,Architecture,"8a4f70e7-539c-4dce-acf2-d478cd9edc88","2024-06-23 21:14:54.270599","2024-06-23 21:14:54.270599"
92,WAEC,"4021306001",,,191,English,B3,Chemistry,C5,Physics,C5,Mathematics,A1,Biology,C4,,,,,,,,,,,English,58,Mathematics,58,Chemistry,33,Physics,42,"202440727327EF",UTME,Computer Science,Computer Science,cfca7a4c-5b6c-4c24-b2e4-a12f0d6f7cbb,"2024-06-24 09:22:01.426775","2024-06-24 09:22:01.426776"
93,NECO,"2320044270EJ",,,4,English,C6,Mathematics,B2,Biology,B3,Physics,C6,CRK or IRK,B2,,,,,,,,,,,--,1,--,1,--,1,--,1,"000000000",DE,Religious Studies,Religious Studies,fa457e9f-a9de-4d96-9064-ed7624ed6bb3,"2024-06-24 10:11:55.606905","2024-06-24 10:11:55.606906"
94,NECO,"2410839730EI",WAEC,"4250626043",239,English,A/R,Mathematics,A/R,Literature in English,A/R,Government,A/R,CRK or IRK,A/R,English,C4,Mathematics,A/R,Literature in English,C6,Government,C4,CRK or IRK,A1,English,49,Government,55,Literature In English,71,Christian Religious Knowledge(CRK),64,"202440200661HA",UTME,Law,Industrial Relations and Personnel Management,aa4fa229-5515-4ca8-aaf3-a571cf92d72d,"2024-06-24 10:37:13.982516","2024-06-24 10:37:13.982517"
95,WAEC,"4250838036",,,192,Biology,B3,Mathematics,C4,Chemistry,C5,Physics,C4,English,B3,,,,,,,,,,,Biology,59,Chemistry,59,Physics,59,English,59,"202440006571JA",UTME,Nursing,Nursing,b1e864a5-6140-4d89-8138-df9af459951b,"2024-06-24 12:31:59.183037","2024-06-24 12:31:59.183038"
96,WAEC,"007",,,177,CRK or IRK,A/R,English,A/R,Government,A/R,Literature in English,A/R,Mathematics,A/R,,,,,,,,,,,Christian Religious Knowledge(CRK),48,English,40,Government,45,Literature In English,44,"202440676723IA",UTME,Peace Studies and Conflict Resolution,Peace Studies and Conflict Resolution,bf928ed9-1484-45a3-9b08-0fdcc0dad80b,"2024-06-24 17:28:06.730917","2024-06-24 17:28:06.730917"
97,NECO,"18852244II",,,4,English,C5,Yoruba / Igbo / Hausa,C6,CRK or IRK,C4,Government,B2,Economics,A1,,,,,,,,,,,--,1,--,1,--,1,--,1,"000000000",DE,Religious Studies,Religious Studies,"31d6ecff-7cf1-45c7-a2b5-b5a1c1b5f5b0","2024-06-24 18:22:50.839010","2024-06-24 18:22:50.839011"
98,NECO,"2320067265DB",,,195,English,C5,Mathematics,C5,Chemistry,C5,Biology,C5,Physics,B3,,,,,,,,,,,English,55,Physics,52,Biology,45,Chemistry,43,"202441607222CA",UTME,Nursing,Nursing,f6d68b32-ac76-4891-a80f-b859a0ca348c,"2024-06-24 20:49:57.821553","2024-06-24 20:49:57.821553"
99,NECO,"002",,,253,Mathematics,C5,English,B3,CRK or IRK,C5,Government,D7,Literature in English,B2,,,,,,,,,,,Literature In English,71,Christian Religious Knowledge(CRK),63,English,60,Government,59,"202440279770BA",UTME,Law,Law,"3c093dfb-0cfe-4edc-b715-ec2a31f9bb37","2024-06-24 22:07:48.411108","2024-06-24 22:07:48.411108"
100,WAEC,"4258307086",,,195,Biology,B3,Chemistry,B3,Physics,B3,Mathematics,B2,English,C5,,,,,,,,,,,Biology,43,Chemistry,51,English,59,Physics,42,"202440148596JF",UTME,Nursing,Computer Science,"22c6cdb3-8964-4e76-a314-dfaffd903728","2024-06-25 00:01:46.998115","2024-06-25 00:01:46.998116"
101,NECO,"2320028068FI",,,207,English,C4,Literature in English,C4,Government,C5,CRK or IRK,C5,Economics,A1,,,,,,,,,,,English,50,Government,63,Literature In English,42,Christian Religious Knowledge(CRK),52,"202441021570JF",UTME,History & International Studies,History & International Studies,"6ddd8f55-222f-4d2d-b938-67c852497db4","2024-06-25 10:07:40.562145","2024-06-25 10:07:40.562145"
102,WAEC,"5250117204",,,4,English,B3,CRK or IRK,B3,Economics,C4,Mathematics,C5,Government,B3,,,,,,,,,,,--,1,--,1,--,1,--,1,"000000000",DE,Religious Studies,Religious Studies,b09bc67d-1dfa-44d0-aecf-e397d39684a2,"2024-06-25 12:41:59.862338","2024-06-25 12:41:59.862349"
103,WAEC,"4110504079",,,4,Commerce ,B3,CRK or IRK,C6,Biology,C6,English,C4,Government,B3,,,,,,,,,,,--,1,--,1,--,1,--,1,"000000000",DE,Religious Studies,Religious Studies,"29553264-4b81-4970-a01f-666a80c6451d","2024-06-25 12:46:51.449255","2024-06-25 12:46:51.449256"
104,WAEC,"4284002103",,,251,Mathematics,B2,English,B3,Government,B3,Literature in English,C6,CRK or IRK,B3,,,,,,,,,,,Government,70,Literature In English,62,English,59,Christian Religious Knowledge(CRK),60,"202440662047CF",UTME,Law,Law,c7827357-769d-4793-924d-5c24b74d7c15,"2024-06-25 14:06:06.862350","2024-06-25 14:06:06.862351"
105,WAEC,"5112001066",,,4,CRK or IRK,C4,Economics,C6,English,C6,Mathematics,C4,Physics,C6,,,,,,,,,,,--,1,--,1,--,1,--,1,"000000000",DE,Religious Studies,Religious Studies,"9af8ad4b-3b63-4e40-a682-ab1b238cf1ee","2024-06-25 14:39:15.515256","2024-06-25 14:39:15.515257"
106,WAEC,"4311449021",,,263,Mathematics,A/R,English,A/R,Chemistry,A/R,Biology,A/R,Physics,A/R,,,,,,,,,,,English,67,Biology,63,Physics,61,Chemistry,72,"202440941233CF",UTME,Nursing,Nursing,"6d2c42db-5a85-4b07-9b65-b60f5fce0b11","2024-06-25 15:00:56.735443","2024-06-25 15:00:56.735444"
107,WAEC,"5250904279",,,302,CRK or IRK,B3,Literature in English,C5,English,B3,Government,B3,Mathematics,C6,,,,,,,,,,,Christian Religious Knowledge(CRK),78,English,85,Government,75,Literature In English,64,"000000000",UTME,Religious Studies,Religious Studies,b28f2cb8-6859-4729-b014-39b02c0c9a0f,"2024-06-25 17:51:51.256606","2024-06-25 17:51:51.256607"
108,WAEC,"4231713017",,,190,Commerce ,C5,Economics,C5,Mathematics,C5,CRK or IRK,B3,English,C5,,,,,,,,,,,English,57,Mathematics,59,Commerce,60,Economics,55,"000000000",UTME,Business Education,Estate Management,"1d6e314c-47d0-48f9-adcb-a9a1039c8253","2024-06-25 19:15:39.141467","2024-06-25 19:15:39.141467"
109,WAEC,"4281719194",,,190,English,C6,Mathematics,B3,Chemistry,B3,Physics,B3,Biology,C4,,,,,,,,,,,English,57,Physics,45,Chemistry,45,Biology,43,"20240701437BA",UTME,Radiography and radiation Science,Medical Laboratory Science,"8addd5c2-af19-4d74-bb08-1a6a2e2560f3","2024-06-25 21:44:56.788672","2024-06-25 21:44:56.788673"
110,NECO,"2310993522FD",,,174,Biology,C6,Chemistry,D7,English,C6,Physics,C4,Agriculture ,C4,,,,,,,,,,,English,40,Physics,46,Biology,43,Chemistry,45,"202440844977DF",UTME,Radiography and radiation Science,Medical Laboratory Science,b9b1eecb-fb9f-4582-b35b-07ade68b0e50,"2024-06-26 12:48:00.529042","2024-06-26 12:48:00.529043"
111,WAEC,"4281221090",,,199,English,B3,Mathematics,C4,Chemistry,B3,Biology,B2,Physics,C4,,,,,,,,,,,English,60,Mathematics,53,Chemistry,47,Physics,39,"202440125874IF",UTME,Computer Engineering,Electrical/Electronics Engineering,"53e38a7d-061e-455b-b271-7471be6bb5b1","2024-06-26 13:52:15.374679","2024-06-26 13:52:15.374679"
112,WAEC,"4312061040",,,239,Chemistry,A/R,Biology,A/R,Mathematics,A/R,English,A/R,Physics,A/R,,,,,,,,,,,Biology,61,English,55,Physics,62,Chemistry,61,"202440080996IF",UTME,Medical Laboratory Science,Radiography and radiation Science,"330fa871-8669-4699-a235-d085a40197fd","2024-06-26 18:59:45.409018","2024-06-26 18:59:45.409019"
113,WAEC,"4131329289",,,300,Literature in English,C5,CRK or IRK,C6,Government,B3,English,C5,Mathematics,B3,,,,,,,,,,,Mathematics,70,Government,80,Literature In English,70,English,80,"000000000",UTME,Law,Law,"57d21fc3-5ae7-4ab6-b39f-c95c64517731","2024-06-27 12:50:43.272248","2024-06-27 12:50:43.272249"
114,WAEC,"4284716053",,,198,Biology,C5,Chemistry,B3,Physics,C6,English,C6,Mathematics,B3,,,,,,,,,,,English,59,Biology,48,Chemistry,49,Physics,42,"202441207483BA",UTME,Nursing,Medical Laboratory Science,f845dd17-8cfa-471a-bb16-1b2227aeb89d,"2024-06-28 06:32:24.371896","2024-06-28 06:32:24.371898"
115,WAEC,"4190257043",NABTEB,"18872025BC",4,CRK or IRK,B3,Economics,B3,Government,C4,Mathematics,B3,English,D7,English,C5,,,,,,,,,--,1,--,1,--,1,--,1,"000000000",DE,Religious Studies,Guidance and Counseling,"0e96241c-7850-4312-953f-154c7795a295","2024-06-28 08:43:40.615057","2024-06-28 08:43:40.615058"
116,WAEC,"4251487006",NECO,"2320014644HF",156,English,C6,Government,C5,Mathematics,B3,Literature in English,F9,Civil Education,C6,Government,C6,English,D7,Civil Education,D7,CRK or IRK,D7,Literature in English,D7,English,32,Government,38,Christian Religious Knowledge(CRK),42,Literature In English,44,"202441866291jF",UTME,Peace Studies and Conflict Resolution,Political Science,ca581fa7-ee7a-41eb-85ca-17bab9ed8106,"2024-06-28 11:28:13.874425","2024-06-28 11:28:13.874426"
117,NECO,"2320035249EJ",,,198,Mathematics,B2,English,B3,Chemistry,C5,Physics,B2,Economics,C5,,,,,,,,,,,English,52,Economics,45,Mathematics,48,Chemistry,53,"202440221492DF",UTME,Estate Management,Estate Management,f580145b-5a53-4b90-b762-4417ad55d041,"2024-06-28 14:22:00.471321","2024-06-28 14:22:00.471321"
118,NECO,"40437820HF",,,278,English,C5,Mathematics,C6,CRK or IRK,C4,Civil Education,C5,Economics,C5,,,,,,,,,,,English,56,Christian Religious Knowledge(CRK),78,Civic Education,67,Economics,77,"000000000",UTME,Religious Studies,Religious Studies,"37b441cb-89db-4825-a25b-2127c646ccce","2024-06-28 14:22:38.646429","2024-06-28 14:22:38.646429"
119,WAEC,"38",,,239,English,A/R,Mathematics,A/R,CRK or IRK,A/R,Government,A/R,Literature in English,A/R,,,,,,,,,,,English,53,Government,63,Literature In English,64,Christian Religious Knowledge(CRK),59,"202441109287DA",UTME,Law,Communication and Media Studies,fb837f61-c76f-4c87-bd67-95a2527924fa,"2024-06-28 19:50:53.218922","2024-06-28 19:50:53.218923"
120,NECO,"11446588HJ",,,260,Mathematics,C6,Yoruba / Igbo / Hausa,C5,CRK or IRK,C6,Government,C5,Biology,C5,,,,,,,,,,,Christian Religious Knowledge(CRK),45,Government,39,Yoruba,40,Biology,30,"000000000",UTME,Religious Studies,Performing Arts and Music,"936cd72f-a260-43ff-b383-91bc3d928936","2024-06-29 10:14:59.650444","2024-06-29 10:14:59.650444"
121,WAEC,"4251113323",,,186,English,B3,Mathematics,B3,Commerce ,C4,Economics,C5,Accounting ,B3,,,,,,,,,,,English,47,Mathematics,48,Economics,57,Commerce,34,"202440929963EA",UTME,Business Administration,Economics,"9516a11a-019c-4293-9a4e-f401d21073d2","2024-06-29 12:46:09.004787","2024-06-29 12:46:09.004787"
122,WAEC,"4140118038",,,253,Mathematics,C6,English,B2,Physics,B3,Chemistry,C4,Biology,B3,,,,,,,,,,,English,58,Physics,61,Chemistry,69,Biology,65,"202440988414AF",UTME,Nursing,Nursing,c3d3041e-ca87-403f-8696-51c0de60693e,"2024-07-01 10:45:10.997101","2024-07-01 10:45:10.997102"
123,NECO,"1407163340535",WAEC,"5312604759",4,English,C6,Mathematics,C6,Civil Education,C6,Biology,C6,Yoruba / Igbo / Hausa,C5,CRK or IRK,A1,Government,B3,Literature in English,D7,Literature in English,C6,Yoruba / Igbo / Hausa,D7,--,1,--,1,--,1,--,1,"000000000",DE,Religious Studies,Religious Studies,b9cc78ca-6b0c-432b-a8d9-b76a68266cf4,"2024-07-01 17:32:50.326123","2024-07-01 17:32:50.326125"
124,NABTEB,"24232002",,,4,English,B3,Mathematics,C5,Economics,C4,Biology,B3,CRK or IRK,C5,,,,,,,,,,,--,1,--,1,--,1,--,1,"000000000",DE,Religious Studies,Religious Studies,"036417e0-e5aa-497c-a9b2-1d81aec07594","2024-07-01 19:03:12.553025","2024-07-01 19:03:12.553026"
125,NECO,"60687988IJ",,,306,English,C6,Mathematics,C5,CRK or IRK,C5,Government,C5,Literature in English,C6,,,,,,,,,,,Christian Religious Knowledge(CRK),88,English,68,Government,70,Literature In English,80,"000000000",UTME,Religious Studies,Religious Studies,"95ed7bdd-a16c-49ab-b91b-4cf0d65e815a","2024-07-02 06:59:20.411269","2024-07-02 06:59:20.411270"
126,WAEC,"5280113242",NECO,"18324899FD",4,Commerce ,C4,Economics,C6,CRK or IRK,B3,English,E8,Yoruba / Igbo / Hausa,C4,English,C5,CRK or IRK,C6,,,,,,,--,1,--,1,--,1,--,1,"000000000",DE,Religious Studies,Religious Studies,b59cdcb2-eaae-483f-9f0f-f7c48e26bad3,"2024-07-02 08:48:23.803432","2024-07-02 08:48:23.803433"
127,NECO,"74146166FJ",,,229,English,C5,Mathematics,C6,Biology,C5,Chemistry,C5,Physics,C6,,,,,,,,,,,English,57,Physics,40,Biology,65,Chemistry,67,"202441414784FA",UTME,Nursing,Nursing,dc63ddb3-ee4d-4e81-b67a-8d746d1ba757,"2024-07-02 08:48:43.507340","2024-07-02 08:48:43.507341"
128,WAEC,"4251085019",,,159,English,B3,Mathematics,A1,Physics,B3,Chemistry,B3,Biology,B3,,,,,,,,,,,English,42,Mathematics,36,Physics,42,Chemistry,39,"202440420720GF",UTME,Computer Science,Computer Science,b04a4ea7-332f-477e-a121-ac0c72bd106b,"2024-07-02 12:06:49.472597","2024-07-02 12:06:49.472598"
129,WAEC,"5310903513",,,280,Mathematics,B3,English,B2,Literature in English,C4,CRK or IRK,A1,Government,B3,,,,,,,,,,,English,67,Christian Religious Knowledge(CRK),70,Literature In English,69,Government,74,"202441735562EF",UTME,Law,Law,f1e32d48-9f56-4009-8bf9-7d54f3b998dc,"2024-07-02 20:06:31.372372","2024-07-02 20:06:31.372373"
130,NECO,"2310842755ED",,,192,Mathematics,C6,Literature in English,B3,Biology,C6,Chemistry,C4,Physics,B3,,,,,,,,,,,Literature In English,56,Chemistry,51,Biology,48,Physics,37,"202440789551FA",UTME,Nursing,Medical Laboratory Science,"7f66dfe6-8177-40f1-8141-431184fe127c","2024-07-02 21:48:51.847542","2024-07-02 21:48:51.847543"
131,NECO,"18525073FI",,,220,Commerce ,C6,CRK or IRK,C6,Economics,B2,English,C6,Government,B3,,,,,,,,,,,Christian Religious Knowledge(CRK),63,Commerce,55,English,52,Government,50,"000000000",DE,Religious Studies,Religious Studies,"5bbaf824-f0f2-4ef5-b76b-960ca2520a43","2024-07-03 06:26:06.699584","2024-07-03 06:26:06.699584"
132,NECO,"20547861BE",,,4,CRK or IRK,C4,Civil Education,B2,Economics,B3,English,C5,Geography ,B3,,,,,,,,,,,--,1,--,1,--,1,--,1,"000000000",DE,Religious Studies,Religious Studies,"29033420-50a3-4a81-9324-312a9f4c0417","2024-07-03 08:03:57.670688","2024-07-03 08:03:57.670689"
133,WAEC,"4281520027",,,185,Mathematics,A1,English,B3,Biology,C6,Chemistry,B3,Physics,A1,,,,,,,,,,,English,53,Biology,45,Chemistry,36,Physics,51,"202440861199",UTME,Nursing,Nursing,"4960d6b2-3359-4c6a-9f61-7e569814cfaf","2024-07-03 09:44:38.638990","2024-07-03 09:44:38.638991"
134,WAEC,"427505108",NECO,"94055493CC",203,Physics,D7,Chemistry,C4,English,B3,Mathematics,B3,Biology,C5,Biology,C6,Chemistry,C6,English,C5,Physics,C6,Economics,C6,Biology,45,Chemistry,41,English,63,Physics,54,"202440160110JF",UTME,Radiography and radiation Science,Medical Laboratory Science,"1051ed78-6d5b-433c-be96-26be39fd85a0","2024-07-03 14:04:43.992141","2024-07-03 14:04:43.992142"
135,WAEC,"4311070025",,,184,English,B3,Mathematics,A1,Biology,B3,Chemistry,B2,Physics,C4,,,,,,,,,,,English,50,Physics,42,Biology,45,Chemistry,47,"202441298572JA",UTME,Nursing,Medical Laboratory Science,fd394b84-9a8f-429c-b262-d44f36a6209a,"2024-07-03 14:51:29.312015","2024-07-03 14:51:29.312016"
136,WAEC,"4284379062",,,196,English,C4,Mathematics,A1,Biology,B2,Chemistry,B2,Physics,B3,,,,,,,,,,,Mathematics,42,English,61,Chemistry,49,Physics,44,"202440275093CF",UTME,Computer Science,Computer Engineering,"03bdd91d-9597-4adb-88c6-a459294f704c","2024-07-03 17:44:41.028789","2024-07-03 17:44:41.028790"
137,NECO,"12652",,,250,English,C4,Mathematics,C5,Yoruba / Igbo / Hausa,C6,CRK or IRK,C5,Commerce ,C4,,,,,,,,,,,Christian Religious Knowledge(CRK),85,English,70,Mathematics,60,Commerce,70,"150",UTME,Religious Studies,Religious Studies,"2c5aa414-3603-49a7-9c72-ad931006b014","2024-07-04 07:00:54.982481","2024-07-04 07:00:54.982482"
138,NECO,"2210674078HE",,,226,English,C5,Mathematics,B3,Biology,A1,Chemistry,A1,Physics,A1,,,,,,,,,,,English,61,Physics,52,Biology,60,Chemistry,53,"202440353168AF",UTME,Nursing,Medical Laboratory Science,"235872ae-3732-4474-a44f-8ee85dfc6f74","2024-07-04 07:05:19.747469","2024-07-04 07:05:19.747470"
139,NECO,"30970344DA",,,214,English,C6,Mathematics,C6,CRK or IRK,C4,Economics,C5,Biology,C6,,,,,,,,,,,Mathematics,50,English,50,Christian Religious Knowledge(CRK),60,Economics,54,Nil,UTME,Religious Studies,English,"277596cd-681b-44a3-96dd-76a1cae156d5","2024-07-04 08:57:22.500591","2024-07-04 08:57:22.500591"
140,NECO,"2310372434EE",,,4,English,B3,Mathematics,C4,CRK or IRK,C4,Civil Education,C5,Government,C6,,,,,,,,,,,--,1,--,1,--,1,--,1,"000000000",DE,Religious Studies,Religious Studies,b3a10be2-2271-4f59-98d4-085bdafc6e9d,"2024-07-04 10:02:25.042027","2024-07-04 10:02:25.042028"
141,WAEC,"4252099007",,,163,Civil Education,C5,English,B3,CRK or IRK,B3,Government,B2,Literature in English,C6,,,,,,,,,,,English,38,Government,39,Literature In English,44,Christian Religious Knowledge(CRK),42,"202440207669IF",UTME,Performing Arts and Music,Communication and Media Studies,"1a4f4764-6ceb-423b-8c08-c216e691cb17","2024-07-04 10:11:55.266240","2024-07-04 10:11:55.266240"
142,NECO,"2320012185IA",NECO,"2410437856FH",252,English,C5,Mathematics,D7,Physics,C4,Civil Education,A1,Chemistry,D7,English,A/R,Mathematics,A/R,Physics,A/R,Civil Education,A/R,Chemistry,A/R,English,60,Mathematics,64,Physics,51,Chemistry,77,"202440667386CF",UTME,Electrical/Electronics Engineering,Electrical/Electronics Engineering,"655eb3e7-b05a-4162-83bb-f5120900dcc8","2024-07-04 10:52:09.945584","2024-07-04 10:52:09.945584"
143,NECO,"0250398",,,189,English,C5,Mathematics,B2,Agriculture ,C4,Biology,C5,Chemistry,C6,,,,,,,,,,,Chemistry,47,Mathematics,47,English,51,Physics,48,"18913943GH",UTME,Computer Science,Computer Science(ICT Option),"4735b14d-cf2c-43d5-8e0d-add5a6d6f0f5","2024-07-04 11:43:04.516187","2024-07-04 11:43:04.516187"
144,NECO,"12059089EH",NECO,"5900361AG",4,English,C5,Yoruba / Igbo / Hausa,C6,Government,C5,Economics,E8,Agriculture ,F9,Mathematics,C6,CRK or IRK,C6,Biology,E8,Agriculture ,E8,English,D7,Agricultural Science,1,Biology,1,Civic Education,1,English,1,"000000000",UTME,ALL,ALL,caa12ae6-9e86-45f6-801b-fb64f656901c,"2024-07-04 14:46:47.109278","2024-07-04 14:46:47.109279"
145,WAEC,"5112001044",WAEC,"4112035012",4,CRK or IRK,A1,English,C6,Government,D7,Economics,F9,Chemistry,F9,Economics,B3,Government,B3,Mathematics,D7,Agriculture ,C5,Chemistry,B3,--,1,--,1,--,1,--,1,"000000000",DE,Religious Studies,Religious Studies,"7848522c-7b1b-4a95-8c96-0ddade251db4","2024-07-05 06:22:15.542735","2024-07-05 06:22:15.542735"
146,WAEC,"5280101685",,,194,English,A/R,Mathematics,A/R,Physics,A/R,Chemistry,A/R,Biology,A/R,,,,,,,,,,,English,53,Chemistry,43,Mathematics,53,Physics,45,"202440594048BF",UTME,Computer Science,Computer Engineering,b9325f7c-4e44-4c91-bd06-ca132bab1a4e,"2024-07-05 07:30:30.270456","2024-07-05 07:30:30.270457"
147,WAEC,"5251405676",,,4,English,B3,Mathematics,B2,CRK or IRK,C6,Economics,C6,Civil Education,B3,,,,,,,,,,,--,1,--,1,--,1,--,1,"12345678",DE,Religious Studies,Guidance and Counseling,b09cec03-f930-4536-be0c-123dea0ebabe,"2024-07-05 12:59:34.841185","2024-07-05 12:59:34.841185"
148,WAEC,"4251726040",,,4,English,B3,Mathematics,B3,Literature in English,C5,CRK or IRK,A1,Government,B3,,,,,,,,,,,--,1,--,1,--,1,--,1,"202491001268FF",DE,Law,Communication and Media Studies,"9d0b39c6-d056-4ff7-b733-91c438f51c4e","2024-07-05 14:51:12.357998","2024-07-05 14:51:12.357998"
149,WAEC,"4291511046",,,254,Mathematics,A/R,CRK or IRK,A/R,English,A/R,Literature in English,A/R,Government,A/R,,,,,,,,,,,English,58,Literature In English,71,Government,67,Christian Religious Knowledge(CRK),58,"202441045695CF",UTME,Law,Law,"87addc6b-01d4-415b-a234-cdd141a91eb1","2024-07-06 10:51:30.597177","2024-07-06 10:51:30.597177"
150,WAEC,"4312919008",,,213,English,A/R,Mathematics,A/R,Literature in English,A/R,Government,A/R,Economics,A/R,,,,,,,,,,,English,50,Literature In English,53,Economics,57,Government,53,"202440738368DF",UTME,Law,Law,"99042252-2ad5-47fe-955d-618dd6100804","2024-07-06 16:43:35.624758","2024-07-06 16:43:35.624758"
151,WAEC,"4251832036",,,212,Mathematics,A/R,English,A/R,Economics,A/R,Government,A/R,Civil Education,A/R,,,,,,,,,,,Mathematics,37,English,59,Government,59,Economics,57,"202441194186JA",UTME,Business Administration,Business Administration,c6d3d2a0-df7a-4793-8227-bbea17339dbc,"2024-07-06 18:31:06.444724","2024-07-06 18:31:06.444725"
152,WAEC,"4251313071",,,166,Economics,A1,Civil Education,B2,Mathematics,B3,Government,B2,English,C4,,,,,,,,,,,English,41,Government,52,Mathematics,34,Home Economics,39,"202441519823BF",UTME,Business Administration,Economics,c06c92f3-40ed-4c1f-82d1-4cf7594b7968,"2024-07-07 15:44:41.118095","2024-07-07 15:44:41.118096"
153,WAEC,"4250812008",,,171,English,C4,Mathematics,B3,Economics,C4,Government,C4,Accounting ,B3,,,,,,,,,,,Commerce,45,Economics,37,English,45,Mathematics,44,"202440911842BF",UTME,Business Administration,Banking and Finance,"302a6f81-9392-455d-b715-c9fe6b0e2cc3","2024-07-07 16:05:36.260207","2024-07-07 16:05:36.260208"
154,WAEC,"4251848038",,,252,Mathematics,A/R,English,A/R,Literature in English,A/R,Government,A/R,CRK or IRK,A/R,,,,,,,,,,,English,59,Government,77,Literature In English,57,Christian Religious Knowledge(CRK),59,"202440374752AF",UTME,Law,Law,c8095aa9-6dc0-462a-915e-84ea692a24cf,"2024-07-07 18:47:36.838821","2024-07-07 18:47:36.838821"
155,NECO,"2310863556BB",,,156,English,C6,Mathematics,C4,Chemistry,C6,Physics,B3,Biology,C5,,,,,,,,,,,English,34,Biology,26,Chemistry,45,Physics,51,"202441025391IF",UTME,Medical Laboratory Science,Environmental Health Science,e202c740-47c8-4fcc-990e-d3145a1ad64e,"2024-07-08 12:28:01.233525","2024-07-08 12:28:01.233526"
156,WAEC,"5311001574",,,201,Biology,B2,Chemistry,C6,Mathematics,C6,Physics,C4,English,B3,,,,,,,,,,,English,61,Mathematics,57,Physics,48,Chemistry,35,"202440152925BF",UTME,Computer Engineering,Computer Engineering,f775aa1d-9198-4fe7-a414-d166f51a2c42,"2024-07-08 14:14:38.436840","2024-07-08 14:14:38.436841"
157,WAEC,"5310207596",,,204,Mathematics,C4,Literature in English,C6,CRK or IRK,B3,Government,D7,English,C4,,,,,,,,,,,English,60,Government,48,Literature In English,51,Christian Religious Knowledge(CRK),45,"202440617842IA",UTME,Law,Law,a155888f-8edd-4ba8-b4da-951a55631f5c,"2024-07-08 17:43:26.101135","2024-07-08 17:43:26.101136"
158,WAEC,"4251401133",,,186,English,C4,Mathematics,A1,Chemistry,B3,Biology,B3,Agriculture ,B3,,,,,,,,,,,Biology,39,English,57,Chemistry,45,Physics,45,"202440167632BA",UTME,Medical Laboratory Science,Nursing,"768f5f3a-35b6-4e37-b006-f6fea2898fea","2024-07-08 20:28:01.927605","2024-07-08 20:28:01.927606"
159,WAEC,"4312130041",,,244,English,A/R,Mathematics,A/R,Literature in English,A/R,Government,A/R,CRK or IRK,A/R,,,,,,,,,,,English,56,Christian Religious Knowledge(CRK),57,Literature In English,66,Government,65,"202440190254EF",UTME,Law,Law,"229da6e9-4af5-4612-9654-440a5cf66fd4","2024-07-08 22:03:33.903481","2024-07-08 22:03:33.903481"
160,NECO,"2320038987IH",,,4,English,C6,Mathematics,B3,Civil Education,C5,CRK or IRK,C6,Literature in English,C6,,,,,,,,,,,--,1,--,1,--,1,--,1,"000000000",DE,Religious Studies,Religious Studies,"1500abdd-a23d-4a67-96e9-0ec02de67436","2024-07-09 20:13:35.790349","2024-07-09 20:13:35.790350"
161,WAEC,"5280804063",,,296,English,C4,CRK or IRK,B3,Government,B3,Mathematics,B3,Commerce ,B3,,,,,,,,,,,Christian Religious Knowledge(CRK),89,English,73,Literature In English,56,Government,78,"19719997BI",UTME,Religious Studies,Religious Studies,daa997ef-d488-4bf5-9b2e-498e7a855b1f,"2024-07-10 06:36:12.192152","2024-07-10 06:36:12.192153"
162,WAEC,"4280224023",,,209,English,A/R,Mathematics,A/R,Literature in English,A/R,Government,A/R,CRK or IRK,A/R,,,,,,,,,,,English,47,Government,45,Literature In English,59,Christian Religious Knowledge(CRK),58,"202440080956",UTME,Guidance and Counseling,Performing Arts and Music,"7d16aa8c-37c5-44d9-9fb0-4462201e8b8b","2024-07-10 07:24:41.011949","2024-07-10 07:24:41.011950"
163,NECO,"2310067880GD",,,258,English,B2,Mathematics,C4,CRK or IRK,A1,Literature in English,A1,Government,C5,,,,,,,,,,,English,69,Christian Religious Knowledge(CRK),59,Government,70,Literature In English,60,"202440389133BF",UTME,Law,Law,"4559fea2-4b49-4ada-adb8-6aa25b439d0e","2024-07-10 10:23:57.420969","2024-07-10 10:23:57.420970"
164,NECO,"0180132/20399970AJ",,,290,English,C4,CRK or IRK,C5,Economics,B3,Civil Education,C4,Mathematics,B3,,,,,,,,,,,English,70,Christian Religious Knowledge(CRK),80,Government,70,Literature In English,70,"000000000",UTME,Religious Studies,Religious Studies,"375ce34c-0152-4f85-9899-99397d8370fe","2024-07-10 12:16:59.237098","2024-07-10 12:16:59.237099"
165,WAEC,"419052009",,,1,CRK or IRK,C4,English,C4,Economics,B3,Government,B3,Mathematics,C6,,,,,,,,,,,Christian Religious Knowledge(CRK),1,English,1,Mathematics,1,Government,1,"000000000",UTME,Religious Studies,Religious Studies,a47ef15a-2567-488e-b78a-2ea6a2557697,"2024-07-10 13:50:22.729009","2024-07-10 13:50:22.729010"
166,NECO,"10145326AD",,,285,English,C4,Mathematics,C5,CRK or IRK,C4,Geography ,B3,Government,B2,,,,,,,,,,,English,70,Christian Religious Knowledge(CRK),75,Government,70,Literature In English,70,"000000000",UTME,Religious Studies,Religious Studies,f0912a51-c985-4ddf-a36f-10b5ad5f3993,"2024-07-10 15:10:35.909023","2024-07-10 15:10:35.909023"
167,WAEC,"4251401100",,,4,English,C5,Mathematics,C6,Civil Education,C5,Physics,C5,Biology,B3,,,,,,,,,,,--,1,--,1,--,1,--,1,"000000000",DE,Religious Studies,Religious Studies,"8d987f88-eb70-4109-af8e-5a8efcf9c20f","2024-07-10 21:15:06.228481","2024-07-10 21:15:06.228483"
168,WAEC,"4253211252",,,159,Government,B3,English,B3,Mathematics,B2,Accounting ,B2,Economics,B3,,,,,,,,,,,English,45,Economics,42,Government,36,Mathematics,36,"202440749824EA",UTME,Accounting,Accounting,d56f7a2c-788a-425a-9af7-b6653934dc87,"2024-07-10 21:42:13.691184","2024-07-10 21:42:13.691184"
169,WAEC,"4254348007",,,221,Economics,B3,Mathematics,B3,English,C5,Government,A1,Commerce ,C4,,,,,,,,,,,English,45,Economics,49,Commerce,66,Government,61,"20244182404FF",UTME,Business Administration,Business Administration,d89be03f-ec91-480b-a528-780e2b6feb60,"2024-07-11 09:39:43.971485","2024-07-11 09:39:43.971486"
170,WAEC,"4313008",,,202,English,A/R,Mathematics,A/R,Physics,A/R,Chemistry,A/R,Biology,A/R,,,,,,,,,,,English,57,Chemistry,45,Biology,58,Physics,42,"202440020449FF",UTME,Nursing,Nursing,d8601727-d073-4890-aaaa-36b81d90c435,"2024-07-11 12:25:04.939099","2024-07-11 12:25:04.939100"
171,WAEC,"4312509058",,,228,English,C4,Mathematics,C4,Biology,C4,Chemistry,C6,Physics,B3,,,,,,,,,,,English,59,Physics,51,Biology,60,Chemistry,58,"202441618122FA",UTME,Nursing,Medical Laboratory Science,"2973afcb-2942-45a8-a9c0-affa274e1f1c","2024-07-11 13:07:12.494852","2024-07-11 13:07:12.494853"
172,NECO,"2310619439BC",,,155,English,C6,Mathematics,B3,Physics,C6,Biology,D7,Chemistry,C5,,,,,,,,,,,Physics,44,English,36,Biology,36,Chemistry,39,"202440463881AF",UTME,Agricultural Extension,Animal Science,"913a1897-72ef-48c8-91df-f87cfb783118","2024-07-11 15:58:40.384334","2024-07-11 15:58:40.384336"
173,WAEC,"4251551003",,,227,Mathematics,A/R,Physics,A/R,Economics,A/R,English,A/R,Biology,A/R,,,,,,,,,,,Mathematics,74,English,57,Chemistry,45,Physics,51,"202440110893DF",UTME,Architecture,Architecture,"9b96e8a3-782d-40ef-b04d-82c2a4341257","2024-07-11 16:28:11.946285","2024-07-11 16:28:11.946285"
174,NECO,"2310093870IB",,,152,Mathematics,B2,English,C4,Physics,B3,Biology,C5,Chemistry,C6,,,,,,,,,,,Mathematics,40,English,37,Physics,40,Chemistry,35,"202440945421IA",UTME,Civil Engineering,Computer Engineering,"3a36613b-37fe-4207-acf1-aaecf2c9baf0","2024-07-11 17:29:23.897157","2024-07-11 17:29:23.897158"
175,WAEC,"4310830068",,,231,Mathematics,A/R,English,A/R,Physics,A/R,Chemistry,A/R,Biology,A/R,,,,,,,,,,,English,59,Mathematics,61,Physics,60,Chemistry,51,"202440450010BA",UTME,Electrical/Electronics Engineering,Mechanical Engineering,b164ddbc-dd2e-463c-b182-c5ebdb1a1897,"2024-07-12 08:46:41.679905","2024-07-12 08:46:41.679906"
176,NECO,"2210026805FA",,,219,English,C5,Mathematics,A1,Biology,C5,Chemistry,B3,Physics,B2,,,,,,,,,,,English,47,Biology,61,Chemistry,53,Physics,58,"202440010435GA",UTME,Nursing,Nursing,"94eab7b1-6230-421d-96d0-29215cd88b09","2024-07-12 12:26:37.151734","2024-07-12 12:26:37.151735"
177,WAEC,"5251312716",,,204,Mathematics,B2,English,B3,Government,B3,Literature in English,C6,CRK or IRK,B3,,,,,,,,,,,English,53,Government,55,Literature In English,52,Christian Religious Knowledge(CRK),44,"202441636536DF",UTME,Communication and Media Studies,Communication and Media Studies,d3dbc04c-f510-4b61-b4ed-c55558d00c59,"2024-07-12 16:01:21.657529","2024-07-12 16:01:21.657530"
178,NECO,"2320068628BG",,,156,English,C5,Mathematics,C4,Biology,C5,Chemistry,C4,Physics,A1,,,,,,,,,,,English,53,Physics,31,Biology,39,Chemistry,33,"202441826907IA",UTME,Radiography and radiation Science,Medical Laboratory Science,"94c656d6-03f1-43ff-a052-7225d2fb3597","2024-07-13 14:42:02.819300","2024-07-13 14:42:02.819301"
179,WAEC,"5311405548",,,248,English,B3,Mathematics,C6,CRK or IRK,D7,Government,C5,Literature in English,E8,,,,,,,,,,,English,58,Literature In English,62,Government,74,Christian Religious Knowledge(CRK),54,"202440628092DF",UTME,Communication and Media Studies,Communication and Media Studies,"167abe39-2154-4e0d-b476-c77e4779dfe1","2024-07-13 17:04:40.280190","2024-07-13 17:04:40.280191"
180,WAEC,"4312515052",WAEC,"5310905692",4,Commerce ,C4,Accounting ,C4,Economics,B3,English,C6,Mathematics,B3,CRK or IRK,B3,Civil Education,A1,Government,B3,Yoruba / Igbo / Hausa,C6,,,--,1,--,1,--,1,--,1,"000000000",DE,Religious Studies,English Education,f14dbc1f-e03d-438e-bb20-b0552b129b6b,"2024-07-13 17:10:48.629236","2024-07-13 17:10:48.629237"
181,NECO,"50899446DC",,,239,English,C4,Mathematics,C5,Economics,C5,Agriculture ,C6,Biology,C5,,,,,,,,,,,English,47,Agricultural Science,65,Mathematics,72,Economics,55,"202441531363HF",UTME,Estate Management,Estate Management,fd4cf194-a1e9-4e50-953d-93cad5094d26,"2024-07-13 19:09:56.639997","2024-07-13 19:09:56.639998"
182,WAEC,"4251632084",,,178,Government,A1,Accounting ,C6,Economics,C4,Mathematics,B2,English,C4,,,,,,,,,,,English,50,Economics,50,Commerce,52,Mathematics,26,"202440172504GF",UTME,Business Administration,Business Administration,"7b4a7da3-6c49-4918-8f24-53cd5cc815a0","2024-07-13 19:34:42.813451","2024-07-13 19:34:42.813451"
183,WAEC,"4280788026",,,191,Mathematics,B3,English,B3,Chemistry,B3,Physics,B3,Biology,B3,,,,,,,,,,,English,47,Physics,35,Biology,58,Chemistry,51,"202440847371",UTME,Nursing,Nursing,"8f7dfd8d-fe57-4764-a6d7-20a6c277825e","2024-07-13 21:06:56.935625","2024-07-13 21:06:56.935625"
184,WAEC,"4302313016",,,208,Biology,A1,Chemistry,B3,Physics,B3,English,B3,Mathematics,D7,,,,,,,,,,,Biology,48,Chemistry,45,Physics,57,English,58,"202440831616FF",UTME,Nursing,Nursing,"738e59f8-44ee-4303-a526-d762bf796d7f","2024-07-13 22:40:44.339865","2024-07-13 22:40:44.339866"
185,WAEC,"4312133012",,,216,Civil Education,B3,CRK or IRK,B3,English,C6,Government,C5,Yoruba / Igbo / Hausa,C5,,,,,,,,,,,English,80,Christian Religious Knowledge(CRK),70,Government,80,Economics,70,"000000000",UTME,Religious Studies,Religious Studies,"598b1812-1548-4236-8c9f-b6d78a3a8bdc","2024-07-14 09:39:10.085496","2024-07-14 09:39:10.085496"
186,WAEC,"5310605530",,,288,English,B3,Mathematics,B3,Literature in English,B3,CRK or IRK,C5,Government,B3,,,,,,,,,,,English,67,Literature In English,73,Government,77,Christian Religious Knowledge(CRK),71,"202440343218HA",UTME,Law,Political Science,"13155969-e1c8-42a6-8577-4d749624fb91","2024-07-15 08:19:17.726815","2024-07-15 08:19:17.726816"
187,NECO,"2410791037EF",,,197,English,A/R,Mathematics,A/R,Accounting ,A/R,Economics,A/R,Government,A/R,,,,,,,,,,,English,40,Economics,57,Mathematics,48,Accounting,52,"202441827032CF",UTME,Accounting,Business Administration,"798d1cb2-23f4-4f56-8bdd-c10a91e75fec","2024-07-15 10:14:00.739257","2024-07-15 10:14:00.739258"
188,NECO,"82629156AJ",,,4,English,C5,Mathematics,C4,CRK or IRK,C5,Literature in English,B3,Economics,C5,,,,,,,,,,,--,1,--,1,--,1,--,1,"000000000",DE,Religious Studies,Religious Studies,d72dff83-c4a8-4370-9944-151223a263a4,"2024-07-15 11:07:25.791699","2024-07-15 11:07:25.791700"
189,WAEC,"4251638010",,,195,English,B3,Mathematics,B2,Government,B2,Economics,C4,Biology,B3,,,,,,,,,,,English,49,Government,47,Literature In English,47,Christian Religious Knowledge(CRK),52,"202440898485BF",UTME,Political Science,Political Science,"10c8b2b7-1b01-4b61-9aff-65ab3d8e9730","2024-07-15 16:29:06.280064","2024-07-15 16:29:06.280065"
190,WAEC,"5282503767",,,199,Biology,B3,Chemistry,C4,Physics,C6,Mathematics,B2,English,C5,,,,,,,,,,,Biology,50,Chemistry,49,Physics,51,English,49,"202441586954JA",UTME,Nursing,Nursing,"74bbcadb-fb55-4c06-a820-6c7f84446ae3","2024-07-15 21:38:15.326946","2024-07-15 21:38:15.326947"
191,NECO,"2310840786DD",,,182,English,C4,Mathematics,B3,Literature in English,C6,Government,C4,CRK or IRK,D7,,,,,,,,,,,English,51,Christian Religious Knowledge(CRK),35,Government,47,Literature In English,49,"202440661485IA",UTME,Law,Performing Arts and Music,"108bd1d3-f666-4305-ae19-fbbb059f8199","2024-07-16 08:27:52.338109","2024-07-16 08:27:52.338109"
192,NECO,"18613120EI",,,240,Accounting ,B2,Commerce ,C4,Civil Education,B2,CRK or IRK,C5,English,C6,,,,,,,,,,,Accounting,60,Christian Religious Knowledge(CRK),87,Civic Education,42,Mathematics,51,"023643897",DE,Religious Studies,Religious Studies,b517151e-efd2-464c-b578-5e6a0369ac3f,"2024-07-16 08:43:49.276190","2024-07-16 08:43:49.276190"
193,WAEC,"4112342125",,,4,CRK or IRK,C6,Biology,C4,Chemistry,C4,English,C6,Mathematics,C6,,,,,,,,,,,--,1,--,1,--,1,--,1,"000000000",DE,Religious Studies,Religious Studies,"3d652247-19e0-4477-8f25-f35ba166b91a","2024-07-16 09:22:09.084620","2024-07-16 09:22:09.084621"
194,WAEC,"4254352026",,,4,English,C5,Mathematics,C4,CRK or IRK,B3,Economics,B3,Commerce ,B3,,,,,,,,,,,--,1,--,1,--,1,--,1,"000000000",DE,Religious Studies,Religious Studies,"83754a49-8857-4322-a75e-4576b347d17e","2024-07-16 11:05:01.330203","2024-07-16 11:05:01.330204"
195,NECO,"59567981DA",NECO,"69337570Ab",4,English,C4,Yoruba / Igbo / Hausa,B2,CRK or IRK,C5,Geography ,C5,Mathematics,C5,Mathematics,C5,Economics,C5,,,,,,,--,1,--,1,--,1,--,1,"000000000",DE,Religious Studies,Religious Studies,"5413731b-0cb4-4497-8988-128a1764ec4f","2024-07-16 12:39:49.882273","2024-07-16 12:39:49.882274"
196,NECO,"2310483561FC",,,222,English,B3,Mathematics,C6,Civil Education,C4,Government,A1,Literature in English,C4,,,,,,,,,,,English,61,Economics,49,Government,57,Literature In English,55,"202441605265CA",UTME,Performing Arts and Music,English,"38f81466-c1d8-4b2d-ae47-323ead768f03","2024-07-16 14:52:10.112250","2024-07-16 14:52:10.112251"
197,WAEC,"4251896087",NECO,"2310121638AD",210,English,C6,Mathematics,B3,Government,A1,Economics,B2,CRK or IRK,B3,English,C5,Literature in English,C4,Government,C6,Civil Education,C5,Mathematics,F9,English,53,Literature In English,52,Christian Religious Knowledge(CRK),52,Government,53,"202440041713EA",UTME,Law,Law,"667f9654-b390-42a2-a9c4-5811a1a15ab8","2024-07-16 15:57:24.966869","2024-07-16 15:57:24.966870"
198,WAEC,"5252049011",,,4,CRK or IRK,C4,English,C6,Mathematics,C5,Agriculture ,B3,Biology,C6,,,,,,,,,,,--,1,--,1,--,1,--,1,"0",DE,Religious Studies,Religious Studies,d91bd375-adf9-4491-a10e-53543979e61e,"2024-07-16 17:57:59.661647","2024-07-16 17:57:59.661648"
199,WAEC,"4253708-011",,,4,English,B3,Mathematics,C6,Biology,C6,Economics,B3,CRK or IRK,C6,,,,,,,,,,,--,1,--,1,--,1,--,1,"000000000",DE,Religious Studies,Religious Studies,"78bc50d4-481b-4539-87f0-da803ee19980","2024-07-16 18:37:13.254311","2024-07-16 18:37:13.254312"
200,WAEC,"4310540118",,,4,English,C6,Government,B3,Mathematics,C4,CRK or IRK,C6,Yoruba / Igbo / Hausa,C5,,,,,,,,,,,--,1,--,1,--,1,--,1,"000000000",DE,Religious Studies,Religious Studies,a3b09217-5cd1-468a-9582-0b5412262089,"2024-07-16 19:42:25.683553","2024-07-16 19:42:25.683553"
201,WAEC,"4281551023",NECO,"2410589531FJ",246,English,A/R,Mathematics,A/R,Accounting ,A/R,Economics,A/R,Government,A/R,English,A/R,Mathematics,A/R,Accounting ,A/R,Economics,A/R,Government,A/R,English,63,Economics,58,Government,72,Mathematics,53,"202441398604BA",UTME,Economics,Economics,e6f3fc51-e7fd-4414-8b07-77ce203f148e,"2024-07-16 21:34:33.217407","2024-07-16 21:34:33.217408"
202,NECO,"2320071134GE",,,226,Mathematics,B2,English,A1,Chemistry,B3,Biology,C4,Physics,C4,,,,,,,,,,,English,61,Biology,53,Chemistry,64,Physics,48,"202440815834CA",UTME,Nursing,Nursing,"113f563d-7b71-4b7a-a513-ee943b716cf1","2024-07-16 21:57:03.577759","2024-07-16 21:57:03.577760"
203,WAEC,"4150303341",,,215,English,C6,Mathematics,B2,Biology,B3,Chemistry,C6,Physics,C4,,,,,,,,,,,English,60,Physics,28,Biology,72,Chemistry,55,"202440569194CF",UTME,Nursing,Nursing,e05f5f7f-b930-4b2e-a8b0-2f88c050bbd1,"2024-07-16 22:47:32.141038","2024-07-16 22:47:32.141038"
204,WAEC,"4310232/025",,,207,English,A/R,Mathematics,A/R,Physics,A/R,Chemistry,A/R,Geography ,A/R,,,,,,,,,,,English,58,Mathematics,53,Physics,49,Chemistry,47,"202440272137IA",UTME,Computer Science,Computer Engineering,"294fb370-81ad-499a-9b83-ddfbc87d24fc","2024-07-17 07:21:58.610227","2024-07-17 07:21:58.610228"
205,NECO,"2320025984AF",,,192,English,C5,Mathematics,C4,Biology,C5,Chemistry,C5,Physics,C5,,,,,,,,,,,English,61,Mathematics,37,Physics,52,Economics,42,"202441934170EA",UTME,Computer Science,Computer Science(ICT Option),"92815c7b-d2e1-40e3-b358-dd932ea1d2c7","2024-07-17 07:55:02.657281","2024-07-17 07:55:02.657282"
206,WAEC,"4130213154",WAEC,"4291719093",4,CRK or IRK,C4,Government,C6,English,C5,Physics,C6,Mathematics,A/R,Economics,B3,Geography ,C6,English,C6,Mathematics,C5,Yoruba / Igbo / Hausa,C6,--,1,--,1,--,1,--,1,"0",DE,Religious Studies,Religious Studies,ecb2a981-6d6d-494c-9d9d-66cfad49ebb2,"2024-07-17 08:59:52.117705","2024-07-17 08:59:52.117707"
207,NECO,"21805319 GH",WAEC,"4112234010",4,English,E8,Mathematics,C5,Biology,C6,Physics,D7,Chemistry,C6,English,C4,CRK or IRK,C6,Government,B3,Economics,E8,Agriculture ,E8,--,1,--,1,--,1,--,1,"000000000",DE,Religious Studies,Religious Studies,e296ad82-fc36-4b57-9feb-9a6aa5ed6be1,"2024-07-17 09:41:09.620533","2024-07-17 09:41:09.620534"
208,WAEC,"4132014109",,,196,Mathematics,B2,English,C5,CRK or IRK,C6,Government,B3,Economics,B3,,,,,,,,,,,English,51,Government,42,Agricultural Science,42,Christian Religious Knowledge(CRK),62,"000000000",UTME,Religious Studies,Religious Studies,"49b43f8e-c3bb-45c8-98ba-d22d6c88a60c","2024-07-17 10:24:23.944554","2024-07-17 10:24:23.944555"
209,WAEC,"4281302075",,,4,English,C6,Mathematics,C4,CRK or IRK,C6,Economics,C4,Government,B3,,,,,,,,,,,--,1,--,1,--,1,--,1,"0",DE,Religious Studies,Religious Studies,b4750209-cea0-4920-b6fb-e82ce8a21d97,"2024-07-17 10:48:38.881366","2024-07-17 10:48:38.881367"
210,WAEC,"5250605189",,,4,CRK or IRK,C4,Economics,B3,Government,A1,English,C6,Mathematics,C6,,,,,,,,,,,--,1,--,1,--,1,--,1,"5331258765",DE,Religious Studies,Religious Studies,db3fba44-1ad4-49bc-905b-639c1dcdb3c5,"2024-07-17 11:05:41.840810","2024-07-17 11:05:41.840811"
211,NECO,"2320001192HJ",,,246,English,C4,Mathematics,C6,Literature in English,B3,CRK or IRK,C4,Government,B3,,,,,,,,,,,English,59,Government,57,Literature In English,71,Christian Religious Knowledge(CRK),59,"202440804044HA",UTME,Law,Communication and Media Studies,dc922957-202a-4a3b-abc3-4e9cce901381,"2024-07-17 11:41:52.079140","2024-07-17 11:41:52.079141"
212,WAEC,"4250615003",,,211,CRK or IRK,A/R,Economics,A/R,English,A/R,Literature in English,A/R,Government,A/R,,,,,,,,,,,English,55,Economics,55,Government,50,Literature In English,51,"202440900017FA",UTME,History & International Studies,Performing Arts and Music,"0fcddbf4-6979-4082-b759-c4b9290cddb8","2024-07-17 13:42:46.895132","2024-07-17 13:42:46.895133"
213,WAEC,"5251207616",WAEC,"4253281182",185,Chemistry,C6,Biology,C6,Physics,F9,Mathematics,B2,English,B3,Biology,A/R,Chemistry,C5,Physics,C5,Mathematics,A1,English,C6,English,50,Physics,42,Chemistry,41,Biology,52,"202440176277BA",UTME,Medical Laboratory Science,Nursing,c5f153b0-6949-4da2-9e97-2fb83a64f0ad,"2024-07-17 14:58:49.827375","2024-07-17 14:58:49.827380"
214,NECO,"2410897993FD",,,199,Mathematics,A/R,English,A/R,Physics,A/R,Chemistry,A/R,Economics,A/R,,,,,,,,,,,English,56,Mathematics,45,Physics,51,Chemistry,47,"202441111307JF",UTME,Computer Science,Computer Science,"294fd9bd-6c1b-4fae-81e0-7772c8791ad3","2024-07-17 16:50:43.162397","2024-07-17 16:50:43.162398"
215,NECO,"2320005112FG",,,265,English,A1,Mathematics,C6,Government,B2,Literature in English,B3,CRK or IRK,C5,,,,,,,,,,,English,69,Government,68,Literature In English,71,Christian Religious Knowledge(CRK),57,"202440656867IF",UTME,Law,Law,"1b3d9dd7-7568-4ecc-874c-8a4a595d40db","2024-07-17 17:24:05.332744","2024-07-17 17:24:05.332745"
216,NECO,"11959991DG",,,4,English,C6,Mathematics,C5,CRK or IRK,C6,Economics,C5,Government,C6,,,,,,,,,,,--,1,--,1,--,1,--,1,DE,DE,Religious Studies,Religious Studies,"06af784b-77b6-4bf1-8c8f-07b09600cf4d","2024-07-17 19:54:24.563804","2024-07-17 19:54:24.563805"
217,WAEC,"4311438016",,,201,Biology,C5,Chemistry,B3,English,C4,Mathematics,C5,Physics,B3,,,,,,,,,,,Biology,46,Chemistry,53,English,51,Physics,51,"202441129029CF",UTME,Nursing,Medical Laboratory Science,"54a07efb-96e6-4f20-a905-7be1e301a116","2024-07-17 20:36:37.840646","2024-07-17 20:36:37.840647"
218,WAEC,"5251617339",,,4,English,B3,Biology,C6,Mathematics,C6,Yoruba / Igbo / Hausa,B3,CRK or IRK,C6,,,,,,,,,,,--,1,--,1,--,1,--,1,"05435104JH",DE,Law,Peace Studies and Conflict Resolution,"285a94ae-5b77-4113-8200-2e9cc851614e","2024-07-17 22:51:36.638836","2024-07-17 22:51:36.638837"
219,NECO,"2220054889FH",,,250,English,C6,Mathematics,C6,Chemistry,C5,Physics,C4,Biology,B2,,,,,,,,,,,English,51,Biology,60,Chemistry,64,Physics,70,"202540036731GA",UTME,Nursing,Nursing,"8cff842f-cfc2-46c1-bdc1-feb51dc33c94","2024-07-18 07:42:12.795549","2024-07-18 07:42:12.795550"
220,NECO,"40700046GH",,,195,Mathematics,C6,English,C6,CRK or IRK,C5,Economics,C6,Yoruba / Igbo / Hausa,C6,,,,,,,,,,,English,50,Mathematics,50,Christian Religious Knowledge(CRK),50,Government,50,"200",UTME,Religious Studies,Religious Studies,"7fd7f461-8409-4700-a584-c3d112ab260c","2024-07-18 11:24:15.624659","2024-07-18 11:24:15.624660"
221,WAEC,"4251502492",,,182,English,C5,Mathematics,C5,Physics,C6,Chemistry,C5,Biology,B3,,,,,,,,,,,Biology,38,Chemistry,43,English,56,Physics,45,"202440350618CF",UTME,Nursing,Nursing,"1e1aa073-9b6b-4379-87eb-6b4ae111895f","2024-07-18 13:13:04.408490","2024-07-18 13:13:04.408491"
222,NECO,"73355926AC",,,4,English,C5,CRK or IRK,C5,Mathematics,C5,Economics,B3,Literature in English,C5,,,,,,,,,,,--,1,--,1,--,1,--,1,"0",DE,Religious Studies,Religious Studies,"512c2061-ad63-49db-ab3d-0dce4add7f68","2024-07-18 13:30:26.961749","2024-07-18 13:30:26.961749"
223,NECO,"2210523159DF",,,179,English,C4,Biology,C4,Mathematics,C4,Chemistry,B2,Civil Education,B2,,,,,,,,,,,English,44,Geography,48,Agricultural Science,50,Mathematics,37,"202441219675EA",UTME,Agricultural Extension,Agricultural Extension,"863902b1-c7b3-4d53-bb24-1f8b2c4c52ac","2024-07-18 13:56:09.924778","2024-07-18 13:56:09.924779"
224,WAEC,"4331701116",,,4,Government,C4,CRK or IRK,C6,Economics,C6,Mathematics,C6,English,C6,,,,,,,,,,,--,1,--,1,--,1,--,1,"000000000",DE,Religious Studies,Religious Studies,"1f4809c9-a2b4-4257-8185-bc3d716a4429","2024-07-18 14:29:52.776118","2024-07-18 14:29:52.776119"
225,WAEC,"04512054",NECO,"2320016954DC",4,Yoruba / Igbo / Hausa,C6,CRK or IRK,B3,Economics,A1,Agriculture ,C6,Commerce ,B3,English,C5,Mathematics,A1,CRK or IRK,B2,Government,C5,Literature in English,B3,--,1,--,1,--,1,--,1,"000000000",DE,Religious Studies,Religious Studies,"28df5ff9-1050-415a-af1c-522e1c6459d9","2024-07-18 15:25:08.719504","2024-07-18 15:25:08.719505"
226,WAEC,"4251905039",WAEC,"5251127060",4,Economics,C6,Government,B3,History ,B3,Literature in English,C6,Yoruba / Igbo / Hausa,C6,CRK or IRK,C6,English,C5,Mathematics,C5,,,,,--,1,--,1,--,1,--,1,"000000000",DE,Religious Studies,Religious Studies,"2021e84f-d318-49f8-aed0-19b8c311c003","2024-07-18 15:59:31.046947","2024-07-18 15:59:31.046948"
227,WAEC,"4280932002",,,183,Mathematics,A1,English,B3,Biology,B3,Chemistry,B3,Physics,C4,,,,,,,,,,,Chemistry,60,English,52,Biology,41,Mathematics,30,"202441935060ff",UTME,Nursing,Nursing,f79ea306-d114-43f8-889f-ed231e629f69,"2024-07-18 16:06:19.212360","2024-07-18 16:06:19.212361"
228,NECO,"2310982555HB",WAEC,"5310902541",175,CRK or IRK,A1,Government,C4,Economics,B3,Literature in English,B3,English,E8,English,C6,Mathematics,C6,Civil Education,C6,CRK or IRK,C5,Government,D7,English,49,Government,31,Literature In English,51,Christian Religious Knowledge(CRK),44,"202441962234DF",UTME,English Education,English,"89f9f927-ed97-4815-8037-f5dbbb4db984","2024-07-18 17:19:11.737914","2024-07-18 17:19:11.737914"
229,WAEC,"4254313169",WAEC,"5250302694",163,Mathematics,E8,English,C4,Economics,C5,Government,B3,Accounting ,A1,Mathematics,B3,English,E8,Economics,C4,Government,B3,Accounting ,B3,English,46,Economics,42,Government,39,Mathematics,36,"202440357468HA",UTME,Economics,Business Administration,ac982155-9200-405f-862f-6725096cda0f,"2024-07-19 10:52:42.760770","2024-07-19 10:52:42.760770"
230,NECO,"2210889427EH",,,4,English,B2,Mathematics,C4,Biology,C5,Economics,B3,Physics,C5,,,,,,,,,,,--,1,--,1,--,1,--,1,"202210067314DF",DE,Estate Management,Estate Management,e96aee22-8016-4fed-ab55-f64f4870f1ae,"2024-07-19 12:07:40.571811","2024-07-19 12:07:40.571812"
231,NABTEB,"31123056",,,180,English,C6,Mathematics,A1,Physics,C5,Chemistry,C5,Biology,C4,,,,,,,,,,,Mathematics,53,Physics,44,Chemistry,36,English,47,"202440813222GF",UTME,Computer Engineering,Mechanical Engineering,"1498d0e3-3517-47ac-b3d2-0ad2b2390386","2024-07-19 16:44:03.713333","2024-07-19 16:44:03.713334"
232,NECO,"1802178888",,,4,English,C6,Yoruba / Igbo / Hausa,C6,CRK or IRK,C6,Government,C6,Economics,C5,,,,,,,,,,,--,1,--,1,--,1,--,1,"000000000",DE,Religious Studies,Religious Studies,ca8fbcda-82b6-4b81-9710-187def8f97bb,"2024-07-20 07:56:25.079470","2024-07-20 07:56:25.079471"
233,WAEC,"4250455058",,,207,Mathematics,A/R,English,A/R,Biology,A/R,Chemistry,A/R,Physics,A/R,,,,,,,,,,,English,55,Biology,54,Chemistry,53,Physics,45,"202440430844IA",UTME,Nursing,Nursing,dfc30c63-062f-466d-a8b0-102c58958894,"2024-07-20 14:29:55.626861","2024-07-20 14:29:55.626861"
234,NECO,"50655300CD",,,4,English,C6,Mathematics,C4,Physics,C6,Biology,C6,Chemistry,C6,,,,,,,,,,,--,1,--,1,--,1,--,1,"202491042175FF",DE,Industrial Chemistry,Industrial Chemistry,"258c4166-f348-4f3a-b671-05f3e5094f9f","2024-07-20 14:33:33.936711","2024-07-20 14:33:33.936712"
235,WAEC,"4310258035",,,214,Mathematics,C6,Physics,B2,English,B3,Biology,C4,Chemistry,C4,,,,,,,,,,,English,60,Mathematics,60,Physics,45,Biology,46,"202440172046HF",UTME,Architecture,Architecture,ed686db5-5330-4c8e-a8cd-06bd8d114bf3,"2024-07-21 12:46:38.870441","2024-07-21 12:46:38.870442"
236,WAEC,"4251414065",,,187,Commerce ,C6,Accounting ,B3,Economics,C4,Mathematics,B3,English,B3,,,,,,,,,,,English,41,Economics,46,Mathematics,43,Commerce,57,"202441652607FA",UTME,Library and Information Science,Peace Studies and Conflict Resolution,"7fdbcde5-0729-442c-98de-a91d4303d1dc","2024-07-21 13:29:31.248326","2024-07-21 13:29:31.248326"
237,WAEC,"5311405502",,,212,CRK or IRK,B3,Mathematics,D7,Government,B3,Literature in English,C6,English,B3,,,,,,,,,,,Christian Religious Knowledge(CRK),54,English,63,Literature In English,52,Government,43,"202440442377IA",UTME,Law,Law,"098b7249-97df-43f3-8093-cfdf369bcf12","2024-07-21 20:50:05.948256","2024-07-21 20:50:05.948256"
238,WAEC,"4313213100",,,176,Mathematics,B3,English,C6,Physics,C6,Chemistry,C4,Biology,C6,,,,,,,,,,,English,45,Mathematics,36,Physics,44,Chemistry,51,"202440171786EF",UTME,Architecture,Architecture,"50c79f5d-7ffb-4c4f-8c7b-287b8b59a9b5","2024-07-22 09:49:46.382668","2024-07-22 09:49:46.382669"
239,WAEC,"4283541012",,,232,Mathematics,A/R,English,A/R,Government,A/R,Literature in English,A/R,CRK or IRK,A/R,,,,,,,,,,,English,55,Government,61,Literature In English,64,Christian Religious Knowledge(CRK),52,"202440098528BF",UTME,Communication and Media Studies,History & International Studies,"03c04761-586c-4d05-9dbd-c59a8d36a7d6","2024-07-22 12:16:44.768670","2024-07-22 12:16:44.768671"
240,NECO,"21233745CD",,,4,English,B2,CRK or IRK,C6,History ,C6,Economics,C6,Government,C6,,,,,,,,,,,--,1,--,1,--,1,--,1,"000000000",DE,Religious Studies,Religious Studies,"514853c5-d12c-452b-ac4d-026e20f7172c","2024-07-22 13:19:28.746539","2024-07-22 13:19:28.746539"
241,WAEC,"4312531055",,,195,English,B3,Mathematics,C6,Literature in English,C4,Government,A1,CRK or IRK,C6,,,,,,,,,,,English,57,Government,43,Literature In English,55,Christian Religious Knowledge(CRK),40,"202440720607BF",UTME,English,English,"763c47cb-d8ce-4ae5-b1bf-316de9c986f0","2024-07-22 16:20:46.712091","2024-07-22 16:20:46.712092"
242,NECO,"2320000178BH",,,170,English,C6,Mathematics,C5,Physics,C5,Biology,C6,Chemistry,C6,,,,,,,,,,,English,50,Physics,45,Chemistry,39,Biology,36,"202440532133IA",UTME,Nursing,Medical Laboratory Science,"22ffd87c-9773-4103-b99c-1cb0bf3bd553","2024-07-22 17:27:36.256578","2024-07-22 17:27:36.256579"
243,NECO,"23106241031F",,,246,English,B2,Government,B2,Literature in English,C4,Mathematics,C5,Economics,C6,,,,,,,,,,,English,53,Government,67,Literature In English,57,Christian Religious Knowledge(CRK),64,"202440144687HA",UTME,Law,Law,"403472d3-357d-4fc2-9f41-e7438b67a272","2024-07-22 17:41:22.501351","2024-07-22 17:41:22.501351"
244,WAEC,"4251643069",,,180,English,C6,Accounting ,C5,Economics,C4,Government,B3,Mathematics,C5,,,,,,,,,,,English,51,Economics,39,Government,47,Mathematics,43,"202440561020EF",UTME,Business Administration,Banking and Finance,"556f6664-9271-4a1a-80ab-b90cfc8cb3bb","2024-07-22 21:30:30.785002","2024-07-22 21:30:30.785002"
245,NECO,"0090254",,,4,CRK or IRK,C5,English,C5,Government,C5,Literature in English,C5,Civil Education,C4,,,,,,,,,,,--,1,--,1,--,1,--,1,"000000000",DE,Religious Studies,Religious Studies,"0bee030b-f2f9-461a-a3a4-0387ea54b5cc","2024-07-23 09:32:39.902858","2024-07-23 09:32:39.902859"
246,NECO,"2320009217GA",,,172,Biology,C6,Chemistry,C5,Physics,C4,English,C6,Mathematics,C5,,,,,,,,,,,English,51,Biology,48,Physics,40,Chemistry,33,"202440287262HF",UTME,Nursing,Nursing,"5aabc0e0-0584-438a-b788-e60e4d151001","2024-07-23 13:01:49.185965","2024-07-23 13:01:49.185965"
247,NECO,"0250199277FA",,,226,English,C4,Mathematics,C4,Literature in English,B3,CRK or IRK,B2,Government,C5,,,,,,,,,,,English,55,Government,59,Literature In English,60,Christian Religious Knowledge(CRK),52, 202440226,UTME,Communication and Media Studies,Political Science,"2085b6c8-47a7-4dff-8a84-cdbc8c3d1a7c","2024-07-23 15:12:33.862070","2024-07-23 15:12:33.862071"
248,WAEC,"27499112",WAEC,"5140101573",330,English,C6,Yoruba / Igbo / Hausa,A1,Geography ,B3,Mathematics,C6,Agriculture ,C5,CRK or IRK,B3,Government,B3,Civil Education,B2,English,B3,Yoruba / Igbo / Hausa,D7,Christian Religious Knowledge(CRK),90,Civic Education,80,English,80,Data Processing,80,"000000000",UTME,Religious Studies,Religious Studies,"824d1f95-9a2f-48a8-90cf-c56845c5637e","2024-07-23 15:36:44.978682","2024-07-23 15:36:44.978683"
249,WAEC,"5331503007",,,344,Geography ,A1,Physics,A1,English,B3,Mathematics,A1,Chemistry,B3,,,,,,,,,,,English,69,Mathematics,95,Physics,87,Chemistry,93,"202440023392GF",UTME,Architecture,Architecture,"5d16b296-8730-4695-8de2-02666cfc3a3a","2024-07-23 16:07:26.737816","2024-07-23 16:07:26.737817"
250,NECO,"2210992572EC",,,193,English,B3,Mathematics,C4,Biology,B3,Chemistry,B2,Physics,B2,,,,,,,,,,,English,55,Physics,40,Biology,40,Chemistry,58,"202440290426CF",UTME,Nursing,Nursing,"2645777f-29cf-429d-af8c-04beec587066","2024-07-23 16:53:28.966355","2024-07-23 16:53:28.966356"
251,WAEC,"4240766046",WAEC,"4240503047",4,Civil Education,A1,English,C6,Biology,C6,Commerce ,E8,Mathematics,D7,Civil Education,A1,CRK or IRK,C5,Commerce ,C6,English,E8,Economics,C4,--,1,--,1,--,1,--,1,"96351480DB",DE,Religious Studies,Religious Studies,d795cd5e-4c34-4602-a165-a0324a9d03a5,"2024-07-23 17:23:30.092556","2024-07-23 17:23:30.092557"
252,WAEC,"4251022161",,,209,Chemistry,C6,Mathematics,A1,Physics,B3,Biology,B3,English,B3,,,,,,,,,,,English,60,Physics,54,Chemistry,47,Biology,48,"202440418691EF",UTME,Nursing,Biochemistry,a25b7790-78ab-4963-a43f-33921e50fe26,"2024-07-25 10:47:19.996509","2024-07-25 10:47:19.996510"
253,NECO,"2310644737GJ",,,208,Mathematics,C5,English,C4,Government,B3,Literature in English,C5,CRK or IRK,C5,,,,,,,,,,,English,49,Government,55,Literature In English,53,Christian Religious Knowledge(CRK),51,"202440975250IF",UTME,Peace Studies and Conflict Resolution,Peace Studies and Conflict Resolution,e29e90ef-5ec8-46cc-b500-cbbca62b3c90,"2024-07-25 11:23:41.567365","2024-07-25 11:23:41.567366"
254,WAEC,"5311004525",,,272,English,C5,Mathematics,A1,CRK or IRK,A1,Literature in English,B3,Government,A1,,,,,,,,,,,English,67,Government,72,Literature In English,67,Christian Religious Knowledge(CRK),66,"202440835309CA",UTME,Law,Law,"5f87c048-b29b-46ae-90e8-3a81ccf18021","2024-07-25 11:24:39.527186","2024-07-25 11:24:39.527187"
255,NECO,"2310977909EB",,,236,English,B2,Mathematics,C4,Economics,B2,Government,B3,Literature in English,C4,,,,,,,,,,,English,58,Economics,73,Government,54,Literature In English,51,"202440146932FF",UTME,Law,Law,"6bb0ef8c-7976-4aa1-b605-1d110efdd429","2024-07-25 13:30:51.561265","2024-07-25 13:30:51.561266"
256,NECO,"2320018997BE",,,179,English,B2,Mathematics,B2,Physics,C4,Biology,C4,Chemistry,B3,,,,,,,,,,,English,40,Mathematics,52,Physics,46,Chemistry,41,"202440942417JA",UTME,Mechanical Engineering,Mechanical Engineering,"4b96f0db-2496-4cd6-9ea6-d5fd634992e2","2024-07-25 14:14:33.259403","2024-07-25 14:14:33.259404"
257,WAEC,"4130106117",,,4,Government,B2,Economics,C5,CRK or IRK,D7,English,B3,Mathematics,B3,,,,,,,,,,,--,1,--,1,--,1,--,1,"000000000",DE,Religious Studies,Religious Studies,c8e56c19-692f-454d-a2af-f8d16f9c4e8d,"2024-07-25 15:33:18.439589","2024-07-25 15:33:18.439589"
258,WAEC,"4311454033",,,210,CRK or IRK,B3,English,C5,Mathematics,B3,Literature in English,C6,Government,B3,,,,,,,,,,,English,53,Literature In English,64,Government,41,Christian Religious Knowledge(CRK),52,"202440185068EA",UTME,History & International Studies,English,e4864e36-34bd-47ea-a733-52274b68b87d,"2024-07-25 16:00:15.198325","2024-07-25 16:00:15.198326"
259,NECO,"2310056996CG",,,162,English,A1,Mathematics,C4,Physics,C4,Biology,B2,Chemistry,C4,,,,,,,,,,,English,48,Physics,28,Biology,45,Chemistry,41,"202441281903CF",UTME,Medical Laboratory Science,Medical Laboratory Science,"3f04febf-d00a-4796-8403-e452ea0dc4e3","2024-07-25 16:02:38.707500","2024-07-25 16:02:38.707501"
260,WAEC,"4258312006",,,238,Biology,B3,Chemistry,B3,Mathematics,B2,English,C4,Physics,A1,,,,,,,,,,,Biology,63,Chemistry,59,Physics,51,English,65,"202440044528cf",UTME,Nursing,Nursing,"897f8ed1-304c-4181-a96e-0066f3cb5d32","2024-07-25 17:53:37.471390","2024-07-25 17:53:37.471391"
261,NECO,"2120045564EI",NECO,,239,English,C6,Mathematics,B2,Civil Education,B3,Literature in English,C6,Yoruba / Igbo / Hausa,C5,Civil Education,B3,Literature in English,C4,Economics,C6,Government,C6,CRK or IRK,C5,English,58,Government,54,Literature In English,66,Christian Religious Knowledge(CRK),61,"202440228519FA",UTME,Law,History & International Studies,d4459090-60ca-45db-91f5-1cf464ef8b28,"2024-07-25 17:58:53.261026","2024-07-25 17:58:53.261027"
262,WAEC,"4252099023",,,194,English,A/R,Civil Education,A/R,CRK or IRK,A/R,Government,A/R,Literature in English,A/R,,,,,,,,,,,English,49,Government,50,Literature In English,47,Christian Religious Knowledge(CRK),50,"202440222936DF",UTME,Performing Arts and Music,Performing Arts and Music,a2e232b7-a42d-438f-bb2e-bd1631b84dfb,"2024-07-26 08:52:45.653716","2024-07-26 08:52:45.653717"
263,WAEC,"4311485028",,,167,Mathematics,B3,Biology,C5,Physics,C5,Chemistry,C5,English,C6,,,,,,,,,,,English,40,Biology,38,Chemistry,41,Physics,48,"202441467053FA",UTME,Radiography and radiation Science,Medical Laboratory Science,"58bfc11a-9665-433a-a4ba-155118da93e3","2024-07-26 10:39:43.417957","2024-07-26 10:39:43.417958"
264,WAEC,"425239061",,,190,Mathematics,A/R,English,A/R,Biology,A/R,Chemistry,A/R,Physics,A/R,,,,,,,,,,,English,55,Biology,46,Physics,54,Chemistry,35,"202440088791GA",UTME,Nursing,Nursing,aa850a53-75f0-4127-8c93-6d35d7990c63,"2024-07-26 13:35:03.363136","2024-07-26 13:35:03.363137"
265,WAEC,"4281010108",,,172,Mathematics,B3,English,C4,Physics,C4,Chemistry,B3,Biology,B3,,,,,,,,,,,English,47,Physics,42,Biology,36,Chemistry,47,"202441894650EA",UTME,Nursing,Nursing,"1611349f-5eee-452c-b548-62291aff7814","2024-07-26 13:37:06.129381","2024-07-26 13:37:06.129382"
266,NECO,"2211021756IB",,,165,English,C5,Mathematics,C4,CRK or IRK,C4,Government,B2,Literature in English,C4,,,,,,,,,,,English,49,Government,38,Literature In English,45,Christian Religious Knowledge(CRK),33,"202440903835FF",UTME,Communication and Media Studies,Communication and Media Studies,"0e8ff396-6808-4f43-8152-0a0ac253f0ed","2024-07-26 15:07:40.875947","2024-07-26 15:07:40.875948"
267,NECO,"2410161487AI",,,204,English,A/R,Mathematics,A/R,Chemistry,A/R,Physics,A/R,Civil Education,A/R,,,,,,,,,,,Chemistry,41,English,59,Mathematics,50,Physics,54,"202440263165",UTME,Electrical/Electronics Engineering,Computer Science,f5774b5f-6280-43b3-a91c-12d7705cd59b,"2024-07-26 17:10:09.484396","2024-07-26 17:10:09.484396"
268,WAEC,"4312048147",,,182,English,A/R,Mathematics,A/R,Physics,A/R,Chemistry,A/R,Biology,A/R,,,,,,,,,,,English,36,Physics,58,Biology,43,Chemistry,45,"202441050946IF",UTME,Nursing,Nursing,d1c7aec0-9e8f-4f68-8715-fa7b688443e5,"2024-07-26 19:44:02.310964","2024-07-26 19:44:02.310965"
269,WAEC,"4251134003",,,196,English,A/R,Mathematics,A/R,CRK or IRK,A/R,Government,A/R,Literature in English,A/R,,,,,,,,,,,English,51,Government,50,Literature In English,47,Christian Religious Knowledge(CRK),48,"202440416716EA",UTME,History & International Studies,Law,f697bbdd-ea06-4c2f-9944-c42341c9fd54,"2024-07-26 21:02:10.303118","2024-07-26 21:02:10.303119"
270,WAEC,"4251903066",,,190,Accounting ,A/R,Economics,A/R,Government,A/R,Mathematics,A/R,English,A/R,,,,,,,,,,,English,47,Government,53,Mathematics,50,Accounting,40,"202440288545",UTME,Accounting,Economics,"34d1a636-bb8b-4c8e-994a-cbc8ce8faca0","2024-07-26 23:41:29.786620","2024-07-26 23:41:29.786621"
271,WAEC,"5310704605",,,232,English,B3,Accounting ,B2,Economics,C6,Government,C5,Mathematics,E8,,,,,,,,,,,Mathematics,60,English,58,Economics,66,Government,48,"202440224192CF",UTME,Accounting,Business Administration,"16e37080-060c-43d5-8eea-7a1404fe72aa","2024-07-27 08:05:34.810937","2024-07-27 08:05:34.810938"
272,WAEC,"4312612074",,,166,Biology,C6,Chemistry,B3,English,C4,Mathematics,A1,Physics,C4,,,,,,,,,,,Biology,41,Chemistry,43,Physics,33,English,49,"202440527837JA",UTME,Medical Laboratory Science,Medical Laboratory Science,"87683aed-3771-4b31-8373-79a6bc7b6916","2024-07-27 10:32:41.203605","2024-07-27 10:32:41.203606"
273,WAEC,"4281561022",,,233,English,B3,Literature in English,C5,CRK or IRK,B2,Government,C6,Mathematics,A1,,,,,,,,,,,English,60,Government,59,Literature In English,62,Christian Religious Knowledge(CRK),53,"202440048722FA",UTME,Law,History & International Studies,"4a87c7a2-2419-4660-aa92-f98797a23594","2024-07-27 11:57:05.584492","2024-07-27 11:57:05.584493"
274,WAEC,"435183053",,,171,English,A/R,Mathematics,A/R,Chemistry,A/R,Physics,A/R,Biology,A/R,,,,,,,,,,,English,50,Physics,33,Biology,41,Chemistry,47,"202440234136IF",UTME,Nursing,Nursing,"58375a08-a21d-41ca-9462-ff036c5d2a27","2024-07-27 17:18:26.365414","2024-07-27 17:18:26.365414"
275,NECO,"2320013768IE",,,181,Biology,A1,Chemistry,C4,English,A1,Physics,C6,Mathematics,B2,,,,,,,,,,,Mathematics,37,English,62,Chemistry,45,Physics,37,"202441356677HF",UTME,Computer Science,Computer Science,"40c58cf7-9bb2-4ce1-8f86-48ae2bc510dd","2024-07-27 18:41:13.217350","2024-07-27 18:41:13.217351"
276,NECO,"0251056/0057",,,207,English,A/R,Biology,A/R,Mathematics,A/R,Chemistry,A/R,Physics,A/R,,,,,,,,,,,Physics,48,Biology,50,Chemistry,58,English,51,"202440385054IA",UTME,Nursing,Nursing,"1fd944d7-3cbd-4acf-91d6-8ce9622aaa7d","2024-07-27 19:52:19.311644","2024-07-27 19:52:19.311644"
277,NECO,"60766338HA",,,4,Mathematics,C5,Chemistry,C5,English,C5,Physics,C6,Biology,C6,,,,,,,,,,,--,1,--,1,--,1,--,1,"96905532GH",DE,Nursing,Nursing,f2a91d43-539e-414f-9e64-bd4b8b0e3db7,"2024-07-27 23:42:24.513834","2024-07-27 23:42:24.513835"
278,WAEC,"5281102659",,,212,English,B3,Economics,C4,Government,B3,Literature in English,B3,Mathematics,C5,,,,,,,,,,,English,50,Government,54,Literature In English,60,Christian Religious Knowledge(CRK),48,"202441052971DA",UTME,Performing Arts and Music,Communication and Media Studies,a30bb4a1-8ff2-4abc-8e83-624be826c39a,"2024-07-28 11:10:55.379054","2024-07-28 11:10:55.379055"
279,WAEC,"4253207062",,,196,Biology,A/R,Civil Education,A/R,Economics,A/R,Mathematics,A/R,English,A/R,,,,,,,,,,,Biology,38,English,58,Literature In English,57,Government,48,"202440262066IF",UTME,Communication and Media Studies,Communication and Media Studies,"7d8cef73-3da7-4114-976d-a89e0e3e5248","2024-07-28 13:07:06.626815","2024-07-28 13:07:06.626816"
280,WAEC,"5251119292",,,4,Physics,B3,Chemistry,C4,English,B3,Mathematics,B2,Biology,B3,,,,,,,,,,,--,1,--,1,--,1,--,1,"202491032250JA",DE,Radiography and radiation Science,Radiography and radiation Science,"15e99a73-30ab-435e-a338-2d8d8f4f8199","2024-07-28 15:30:20.809755","2024-07-28 15:30:20.809755"
281,WAEC,"5310902712",,,235,English,B2,Mathematics,B3,Literature in English,C5,Government,D7,Economics,C4,,,,,,,,,,,English,65,Government,63,Literature In English,55,Christian Religious Knowledge(CRK),52,"202440568977GF",UTME,History & International Studies,Communication and Media Studies,"0eefdbde-7b27-44d1-8c2d-f77b88614759","2024-07-28 20:31:18.612613","2024-07-28 20:31:18.612614"
282,NECO,"2210683420IB",,,202,English,C4,Mathematics,B2,Biology,C5,Chemistry,C4,Physics,C4,,,,,,,,,,,English,60,Physics,52,Biology,45,Chemistry,45,"202440423257BF",UTME,Nursing,Medical Laboratory Science,"5709598b-e856-40a9-8579-46a8ef97fc98","2024-07-28 22:16:22.100870","2024-07-28 22:16:22.100871"
283,NECO,"2220034792BE",,,146,English,B3,Mathematics,C5,CRK or IRK,C4,Literature in English,B3,Government,C6,,,,,,,,,,,English,35,Government,38,Literature In English,42,Christian Religious Knowledge(CRK),31,"202441078141FF",UTME,Communication and Media Studies,Communication and Media Studies,"59393412-b2dc-4ceb-a31e-730b93b5a1dc","2024-07-29 12:05:12.254451","2024-07-29 12:05:12.254452"
284,NECO,"2320004378CH",,,191,English,D7,Mathematics,B3,Biology,C6,Physics,C6,Chemistry,B3,,,,,,,,,,,English,51,Chemistry,41,Biology,46,Physics,53,"202440687295EA",UTME,Nursing,Nursing,"1bd728e0-cada-49aa-b181-85ef99fdd098","2024-07-29 12:23:58.847172","2024-07-29 12:23:58.847173"
285,WAEC,....................,NECO,"2410139802HD",238,English,A/R,Mathematics,A1,Biology,A/R,Chemistry,A/R,Physics,A/R,English,A/R,Mathematics,A/R,Physics,A/R,Chemistry,A/R,Biology,A/R,English,56,Physics,63,Biology,60,Chemistry,59,"202440153665CA",UTME,Radiography and radiation Science,Radiography and radiation Science,ec88d9c1-ebd9-482c-9c65-191b34478136,"2024-07-29 13:02:37.512247","2024-07-29 13:02:37.512248"
286,WAEC,"5281502598",,,237,CRK or IRK,B3,Government,B3,Mathematics,C4,Literature in English,C6,English,B3,,,,,,,,,,,English,62,Christian Religious Knowledge(CRK),60,Government,55,Literature In English,60, 202440055210AF,UTME,Performing Arts and Music,Performing Arts and Music,cd40931c-abe2-40f8-b08f-34162c8527d4,"2024-07-29 14:15:56.284355","2024-07-29 14:15:56.284356"
287,NABTEB,"24084045",NECO,"12698041AI",4,CRK or IRK,C5,English,C6,Biology,C5,Economics,C5,Government,D7,English,C6,Mathematics,C6,Yoruba / Igbo / Hausa,C6,Economics,C5,,,--,1,--,1,--,1,--,1,"000000000",DE,Religious Studies,Religious Studies,"5265e9f5-7fa4-4585-81f8-b4d18db25058","2024-07-29 15:07:03.753915","2024-07-29 15:07:03.753916"
288,NECO,"0240077",NECO,"61248067IG",4,CRK or IRK,C6,Yoruba / Igbo / Hausa,C6,Commerce ,C5,English,E8,Mathematics,F9,English,C6,Mathematics,C6,Yoruba / Igbo / Hausa,C5,Commerce ,C5,Agriculture ,C4,--,1,--,1,--,1,--,1,"0",DE,Religious Studies,Religious Studies,b3db2981-04a0-47db-ac48-e71de8008740,"2024-07-29 15:42:01.534547","2024-07-29 15:42:01.534548"
289,WAEC,"018",,,193,English,A/R,Mathematics,A/R,Literature in English,A/R,Government,A/R,CRK or IRK,A/R,,,,,,,,,,,English,51,Government,55,Literature In English,45,Christian Religious Knowledge(CRK),42,"202440043715AF",UTME,Law,Communication and Media Studies,"24005760-0bf3-48c9-95be-00751eff5fb2","2024-07-29 17:02:14.849532","2024-07-29 17:02:14.849533"
290,WAEC,"4311040040",,,165,Literature in English,C6,English,B3,Government,C4,CRK or IRK,B3,Mathematics,C4,,,,,,,,,,,Christian Religious Knowledge(CRK),37,English,43,Government,41,Literature In English,44,"202441368145CA",UTME,Communication and Media Studies,History & International Studies,aacd49da-f558-4e88-9b3f-53f1a40ea295,"2024-07-29 17:44:06.745869","2024-07-29 17:44:06.745869"
291,WAEC,"4310908042",,,203,Biology,A/R,English,A/R,Mathematics,A/R,Physics,A/R,Chemistry,A/R,,,,,,,,,,,English,60,Physics,46,Biology,48,Chemistry,49,"202440456147BA",UTME,Nursing,Nursing,"989a13a3-7e4a-4da5-8587-eaa63a78b084","2024-07-29 20:45:01.883378","2024-07-29 20:45:01.883379"
292,NECO,"30741992HC",,,4,Mathematics,C6,English,C6,Chemistry,C6,Biology,C6,Physics,C6,,,,,,,,,,,--,1,--,1,--,1,--,1,N/A,DE,Civil Engineering,Civil Engineering,b8ac764f-1909-4c70-945c-b8a2ca0e9ebc,"2024-07-30 07:11:50.979345","2024-07-30 07:11:50.979346"
293,NECO,"50170686CJ",,,4,English,C4,Mathematics,C5,Civil Education,C4,Biology,C5,Chemistry,C6,,,,,,,,,,,--,1,--,1,--,1,--,1,"000000000",DE,Religious Studies,Religious Studies,d5d9b2d4-5dba-4c56-9c69-d393c2992388,"2024-07-30 07:36:13.158929","2024-07-30 07:36:13.158930"
294,WAEC,"5312501696",,,263,Accounting ,A1,Mathematics,B3,English,B3,Commerce ,A1,Economics,C4,,,,,,,,,,,Economics,71,Commerce,79,Mathematics,60,English,53,"202440629246GA",UTME,Business Administration,Business Administration,f5f648ad-4f4f-4265-9786-ba92572bda7b,"2024-07-30 09:06:36.196654","2024-07-30 09:06:36.196655"
295,NECO,"2210811654IB",,,182,English,B3,Mathematics,C4,Biology,C6,Chemistry,A1,Physics,B3,,,,,,,,,,,English,49,Chemistry,36,Biology,46,Physics,51,"202441734809BA",UTME,Nursing,Radiography and radiation Science,b3ac9f67-bf29-45c7-bf3f-d2b3149c38f7,"2024-07-30 10:55:23.170610","2024-07-30 10:55:23.170611"
296,WAEC,"4281213136",,,255,English,A/R,CRK or IRK,A/R,Government,A/R,Literature in English,A/R,Mathematics,A/R,,,,,,,,,,,English,59,Government,76,Literature In English,64,Christian Religious Knowledge(CRK),56,"202440253889CF",UTME,Law,Law,"4b152ffc-b479-46fe-bd26-a481606307ef","2024-07-30 11:29:29.582714","2024-07-30 11:29:29.582715"
297,NECO,"2320015784FA",,,168,English,C4,Mathematics,C4,Biology,C4,Chemistry,C6,Physics,C5,,,,,,,,,,,English,50,Mathematics,48,Physics,37,Chemistry,33,"202440331489AF",UTME,Computer Science,Computer Science,f4dfd8aa-167e-48e5-b867-5a9ba770c84a,"2024-07-30 12:05:33.275366","2024-07-30 12:05:33.275367"
298,WAEC,"4250101021",,,185,English,C6,Mathematics,B3,Biology,C4,Agriculture ,C6,Physics,C6,,,,,,,,,,,English,53,Chemistry,45,Mathematics,45,Physics,42,"202440211895EF",UTME,Computer Engineering,Computer Science(ICT Option),"6f0398b5-7f89-4d7b-b821-e447f402dea0","2024-07-30 14:16:36.813548","2024-07-30 14:16:36.813549"
